episode,episode_reward,timestamp,total_var,total_hard_brakes,total_low_speed_penalty,episode_reward_safety,episode_reward_efficiency,mean_speed_mps,mean_limit_change,mean_action_jump
1,76.25955772399902,2026-06-17T15:29:11,6889.30164560365,317,0.0,-475.5,36.783970480896315,7.422883266887314,9.166666666666666,0.14242424242424243
2,146.78907108306885,2026-06-17T15:30:30,7124.169250001093,327,0.0,-490.5,42.485938020770284,8.298238872479644,6.458333333333333,0.2
3,116.05877113342285,2026-06-17T15:31:46,7065.084665293504,361,0.0,-541.5,43.83725124109617,8.534590808996994,6.25,0.1393939393939394
4,119.22706937789917,2026-06-17T15:33:05,6908.046365338843,344,0.0,-516.0,42.348471437402594,8.314448602349671,7.083333333333333,0.10303030303030303
5,170.7649326324463,2026-06-17T15:34:23,7118.719580843359,315,0.0,-472.5,42.88432866961522,8.39979168080158,6.875,0.09393939393939395
6,150.27353847026825,2026-06-17T15:35:41,7225.670554023865,319,0.0,-478.5,41.918235447788845,8.193109817673031,6.458333333333333,0.14242424242424243
7,131.57659912109375,2026-06-17T15:37:00,6893.496142178955,329,0.0,-493.5,41.67177337771608,8.203024149996724,7.291666666666667,0.15151515151515152
8,60.51424694061279,2026-06-17T15:38:17,6938.966884904783,397,0.0,-595.5,43.73428268302985,8.501633998185746,6.041666666666667,0.1606060606060606
9,106.2240629196167,2026-06-17T15:39:38,6719.748049254847,336,0.0,-504.0,40.68160402593259,8.03355003886895,7.5,0.13333333333333333
10,164.8975315093994,2026-06-17T15:40:56,7273.018598762226,296,0.0,-444.0,40.59316848810216,8.017173251188385,7.5,0.1575757575757576
11,141.0710735321045,2026-06-17T15:42:17,6871.400044657379,285,0.0,-427.5,37.904738278471875,7.588764533535017,8.541666666666666,0.12121212121212123
12,128.59796237945557,2026-06-17T15:43:37,6777.359889117734,290,0.0,-435.0,37.573197461108535,7.527368699839614,8.541666666666666,0.12727272727272726
13,126.2422758936882,2026-06-17T15:44:57,6854.627819718601,329,0.0,-493.5,41.31615168319567,8.123280189199784,7.083333333333333,0.15151515151515152
14,73.18875789642334,2026-06-17T15:46:18,6880.48186354216,347,0.0,-520.5,39.57925015229342,7.857189974035536,7.916666666666667,0.07272727272727272
15,125.31855964660645,2026-06-17T15:47:36,7286.406891022554,321,0.0,-481.5,40.45457045102308,7.991507204688623,7.5,0.17878787878787877
16,81.5180721282959,2026-06-17T15:48:56,6932.739321423274,356,0.0,-534.0,41.03453797640129,8.043352524263243,6.666666666666667,0.1878787878787879
17,122.73736256361008,2026-06-17T15:50:17,6741.926955969137,320,0.0,-480.0,40.18249077312206,7.927233833002653,7.291666666666667,0.07272727272727272
18,-62.04764008522034,2026-06-17T15:51:37,7159.687124983922,434,0.0,-651.0,39.26349073096319,7.743161591862201,7.083333333333333,0.17272727272727273
19,-44.16493380069733,2026-06-17T15:52:54,7837.868565984126,453,0.0,-679.5,42.35567094188784,8.260226830588595,6.25,0.13636363636363635
20,136.1803429722786,2026-06-17T15:54:14,6769.4268058730895,322,0.0,-483.0,41.2786895293062,8.130231572668688,7.291666666666667,0.12424242424242425
21,215.06673865392804,2026-06-17T15:55:34,6834.751614126373,267,0.0,-400.5,41.03778250386492,8.127285856674051,7.916666666666667,0.16969696969696968
22,129.2043959274888,2026-06-17T15:56:55,7473.49124492104,328,0.0,-492.0,41.41362645788731,8.1413308928931,7.083333333333333,0.1606060606060606
23,67.71954441070557,2026-06-17T15:58:19,7007.285658090778,365,0.0,-547.5,41.01463610673341,8.025778279698583,6.458333333333333,0.18181818181818182
24,241.72961568832397,2026-06-17T15:59:37,6993.9847695233175,271,0.0,-406.5,43.21530760440767,8.433305963209559,6.458333333333333,0.12424242424242425
25,112.90223503112793,2026-06-17T16:00:59,6883.135336450386,312,0.0,-468.0,38.72681573958569,7.685444578042277,7.708333333333333,0.12727272727272726
26,185.06450200080872,2026-06-17T16:02:21,6486.77057354578,286,0.0,-429.0,40.937633384175996,8.067073658859657,7.291666666666667,0.11212121212121211
27,192.3542559146881,2026-06-17T16:03:37,7355.834354749928,328,0.0,-492.0,45.62361692633759,8.768174711142281,4.791666666666667,0.0787878787878788
28,176.1579766869545,2026-06-17T16:04:56,7320.794600793549,266,0.0,-399.0,38.343865012020686,7.656194735809365,8.333333333333334,0.12121212121212123
29,95.54006767272949,2026-06-17T16:06:17,7132.404446453923,308,0.0,-462.0,37.169338082334534,7.494246923880315,9.166666666666666,0.17575757575757575
30,144.2524710893631,2026-06-17T16:07:34,7329.069298798354,324,0.0,-486.0,42.01683150552736,8.266923164298575,7.291666666666667,0.11212121212121211
31,187.47123622894287,2026-06-17T16:08:52,7065.2692523202395,294,0.0,-441.0,41.89808246662476,8.20326657144446,6.666666666666667,0.1303030303030303
32,71.27696132659912,2026-06-17T16:10:13,6757.710032852093,338,0.0,-507.0,38.55179729587895,7.708589079241849,8.541666666666666,0.15151515151515152
33,104.61271071434021,2026-06-17T16:11:35,6895.0564714581415,300,0.0,-450.0,36.97418070404645,7.444218280044333,8.958333333333334,0.16666666666666666
34,91.44620418548584,2026-06-17T16:12:54,7241.349225561783,336,0.0,-504.0,39.696413318662444,7.86499788972764,7.708333333333333,0.17575757575757575
35,28.009145736694336,2026-06-17T16:14:13,7348.762052051303,376,0.0,-564.0,39.467276454154494,7.794788061368508,7.291666666666667,0.15151515151515152
36,129.29716634750366,2026-06-17T16:15:32,6858.255387267843,320,0.0,-480.0,40.61981144335306,7.980440832451596,6.875,0.16969696969696968
37,220.39748525619507,2026-06-17T16:16:50,7043.896140766354,277,0.0,-415.5,42.39316583064517,8.32272525907164,7.083333333333333,0.13636363636363635
38,185.04226970672607,2026-06-17T16:18:10,7251.430970497775,266,0.0,-399.0,38.9361509995675,7.738098729269907,7.916666666666667,0.15454545454545457
39,145.50032114982605,2026-06-17T16:19:32,6861.785963411279,296,0.0,-444.0,39.30002151304507,7.833258983857394,8.333333333333334,0.12121212121212123
40,136.71103611588478,2026-06-17T16:20:51,7361.765761006272,318,0.0,-477.0,40.91406893881677,8.062709916319886,7.291666666666667,0.13636363636363635
41,6.898511528968811,2026-06-17T16:22:16,7139.013798168026,326,0.0,-489.0,33.05990061715869,6.64991509595417,7.916666666666667,0.12727272727272726
42,113.13634502887726,2026-06-17T16:23:40,6324.627582559845,309,0.0,-463.5,38.44242279848235,7.660557245232289,8.125,0.1878787878787879
43,151.69264268875122,2026-06-17T16:25:01,6665.079471330149,309,0.0,-463.5,41.012842836765586,8.094889945988372,7.5,0.10303030303030303
44,177.70833110809326,2026-06-17T16:26:17,7438.707093570968,326,0.0,-489.0,44.44722185443609,8.647547200410655,6.25,0.030303030303030307
45,123.90200853347778,2026-06-17T16:27:35,7138.889961026352,336,0.0,-504.0,41.8601340152526,8.196239150724525,6.666666666666667,0.17575757575757575
46,62.62353587150574,2026-06-17T16:28:55,7397.736381979398,384,0.0,-576.0,42.57490269866782,8.286936148081637,6.041666666666667,0.16363636363636364
47,97.76695418357849,2026-06-17T16:30:17,6753.373365429347,312,0.0,-468.0,37.71779695424543,7.512479865977017,7.916666666666667,0.17575757575757575
48,113.87585890293121,2026-06-17T16:31:38,6802.581344140258,316,0.0,-474.0,39.191723763775514,7.799315295655162,8.125,0.18484848484848485
49,91.30934000015259,2026-06-17T16:32:59,6893.088058874891,322,0.0,-483.0,38.28728935786164,7.659606617586676,8.541666666666666,0.1878787878787879
50,95.99619436264038,2026-06-17T16:34:18,6940.839856777222,361,0.0,-541.5,42.49974640760527,8.300795955581702,6.458333333333333,0.17878787878787877
51,86.52813136577606,2026-06-17T16:35:35,7497.170754739131,387,0.0,-580.5,44.46854192475598,8.623717822099394,5.833333333333333,0.11212121212121211
52,145.42807364463806,2026-06-17T16:36:56,6752.450231370379,274,0.0,-411.0,37.09520501165916,7.508296214742416,9.583333333333334,0.09090909090909091
53,217.39109230041504,2026-06-17T16:38:18,6646.165687712192,255,0.0,-382.5,39.992739513955414,7.905983812325978,7.5,0.10909090909090909
54,-65.11727619171143,2026-06-17T16:39:36,7654.886603400059,460,0.0,-690.0,41.658848605587146,8.158964447611313,6.666666666666667,0.10606060606060605
55,203.90553665161133,2026-06-17T16:40:55,6824.805926704485,295,0.0,-442.5,43.09370218909015,8.396897917049678,6.25,0.12121212121212123
56,79.14403629302979,2026-06-17T16:42:17,7073.105889727782,321,0.0,-481.5,37.37626940124507,7.4909009052872335,8.541666666666666,0.15454545454545457
57,155.63128238916397,2026-06-17T16:43:38,7227.333946730481,283,0.0,-424.5,38.67541846503077,7.662037909415947,7.5,0.18181818181818182
58,226.40580701828003,2026-06-17T16:45:01,6483.955775026146,225,0.0,-337.5,37.593720411959644,7.572835458288059,9.166666666666666,0.1
59,91.9288101196289,2026-06-17T16:46:18,7075.085140091686,364,0.0,-546.0,42.52858720226117,8.333914290072064,6.875,0.14242424242424243
60,206.06339418888092,2026-06-17T16:47:39,6710.171298705069,248,0.0,-372.0,38.53755937678041,7.678174953923449,8.125,0.12424242424242425
61,25.76821994781494,2026-06-17T16:49:00,7005.1997661035275,383,0.0,-574.5,40.017881293978775,7.9245284009566355,7.708333333333333,0.16969696969696968
62,153.23478603363037,2026-06-17T16:50:20,7016.560681410202,283,0.0,-424.5,38.515652202439945,7.71578436035517,8.75,0.05454545454545454
63,67.20236736536026,2026-06-17T16:51:40,7020.896039139801,354,0.0,-531.0,39.88015745733574,7.857357991807624,7.083333333333333,0.19090909090909092
64,-4.138880252838135,2026-06-17T16:53:04,6345.691804500104,351,0.0,-526.5,34.82407462509443,7.073831969323735,9.375,0.13636363636363635
65,127.38337016105652,2026-06-17T16:54:21,7356.579117926289,340,0.0,-510.0,42.49222463685651,8.313291799001878,6.666666666666667,0.11818181818181818
66,116.96465301513672,2026-06-17T16:55:41,7173.094367210548,314,0.0,-471.0,39.197643184142315,7.814300223650086,8.333333333333334,0.13636363636363635
67,118.00448513031006,2026-06-17T16:57:01,7017.875685436138,323,0.0,-484.5,40.16696543594308,7.952136299312726,7.708333333333333,0.14545454545454545
68,192.998131275177,2026-06-17T16:58:21,6762.899550670755,287,0.0,-430.5,41.56654216677192,8.141870833583381,6.666666666666667,0.12121212121212123
69,122.03066078573465,2026-06-17T16:59:42,7015.821339208088,319,0.0,-478.5,40.035377035702155,7.94165707072811,7.916666666666667,0.12121212121212123
70,146.62383651733398,2026-06-17T17:01:03,6992.1408693034555,306,0.0,-459.0,40.374922273460264,7.990646439673617,7.708333333333333,0.16363636363636364
71,172.0250608921051,2026-06-17T17:02:25,6899.074110161359,252,0.0,-378.0,36.66833739640885,7.41535869685831,9.375,0.13333333333333333
72,122.58131766319275,2026-06-17T17:03:49,6528.587530394821,292,0.0,-438.0,37.3720878150169,7.559570295210878,9.583333333333334,0.10303030303030303
73,133.51654469966888,2026-06-17T17:05:05,7344.383897709552,339,0.0,-508.5,42.80110298451832,8.328824671016385,6.041666666666667,0.08181818181818182
74,140.6324381828308,2026-06-17T17:06:24,7251.812897705732,297,0.0,-445.5,39.075496032042395,7.777791856867051,8.125,0.18181818181818182
75,182.63093358278275,2026-06-17T17:07:45,6533.5634844157685,278,0.0,-417.0,39.97539567064588,7.958327021609105,8.333333333333334,0.08484848484848484
76,105.37977838516235,2026-06-17T17:09:04,7198.712688099877,345,0.0,-517.5,41.52531821009984,8.203680593873655,7.708333333333333,0.12424242424242425
77,121.90990364551544,2026-06-17T17:10:24,6670.4618934515665,330,0.0,-495.0,41.12732688379165,8.11609048343015,7.5,0.11212121212121211
78,96.27483177185059,2026-06-17T17:11:47,6896.357353955866,320,0.0,-480.0,38.41832183924715,7.683871649264584,8.541666666666666,0.13333333333333333
79,104.16391324996948,2026-06-17T17:13:10,7119.373928013645,302,0.0,-453.0,37.144260756550146,7.4618255211004785,8.75,0.16969696969696968
80,148.3228521347046,2026-06-17T17:14:29,7106.863096634404,312,0.0,-468.0,41.08819009639391,8.108843002683876,7.5,0.10303030303030303
81,57.42676615715027,2026-06-17T17:15:51,6945.5521626820255,342,0.0,-513.0,38.028451327795764,7.597785378385645,8.333333333333334,0.18181818181818182
82,115.87811756134033,2026-06-17T17:18:16,6857.636793355761,327,0.0,-490.5,40.42520792510511,7.958292254264047,7.083333333333333,0.1575757575757576
83,251.92203521728516,2026-06-17T17:21:53,7296.349116570117,263,0.0,-394.5,43.0948022332538,8.410990376894716,6.458333333333333,0.11212121212121211
84,171.83305710554123,2026-06-17T17:25:35,6863.674909276208,300,0.0,-450.0,41.45553688880302,8.135203256191506,6.875,0.11818181818181818
85,169.0878258496523,2026-06-17T17:29:25,6716.5943664043325,264,0.0,-396.0,37.67252138240357,7.573539334664766,8.958333333333334,0.1484848484848485
86,57.92703151702881,2026-06-17T17:33:02,7180.080996218454,384,0.0,-576.0,42.26180195700347,8.28451010907109,6.875,0.16363636363636364
87,159.9107961654663,2026-06-17T17:36:26,7178.960055502659,285,0.0,-427.5,39.160719596079716,7.779685090534028,7.916666666666667,0.12121212121212123
88,121.519455909729,2026-06-17T17:39:58,7257.14025355493,334,0.0,-501.0,41.501296742437496,8.129788468420385,6.666666666666667,0.12121212121212123
89,82.600656747818,2026-06-17T17:43:33,7161.597317827668,346,0.0,-519.0,40.106710374932405,7.885423066264566,6.875,0.09696969696969697
90,-85.06739521026611,2026-06-17T17:47:10,7335.039713893196,463,0.0,-694.5,40.628840106104484,7.940446540315448,6.25,0.21515151515151515
91,122.34477454423904,2026-06-17T17:50:43,6955.913929125597,336,0.0,-504.0,41.75631833014622,8.190902966104245,6.875,0.15454545454545457
92,194.76772533357143,2026-06-17T17:54:20,6896.814541833248,278,0.0,-417.0,40.7845150433884,8.08038494411814,7.916666666666667,0.1303030303030303
93,145.60291028022766,2026-06-17T17:56:24,6973.386317377906,303,0.0,-454.5,40.00686073636807,7.922487577363092,7.708333333333333,0.09393939393939395
94,124.6178252696991,2026-06-17T17:57:47,6509.856317737146,279,0.0,-418.5,36.20785531771421,7.316196340585377,9.166666666666666,0.15454545454545457
95,94.26606118679047,2026-06-17T17:59:07,7307.447759428141,349,0.0,-523.5,41.18440404252018,8.071105221940694,6.666666666666667,0.0787878787878788
96,186.54376745224,2026-06-17T18:00:26,7169.233291707298,279,0.0,-418.5,40.33625117923362,7.997373947541078,7.916666666666667,0.08484848484848484
97,149.38053131103516,2026-06-17T18:03:22,6810.50661067571,306,0.0,-459.0,40.55870200697615,7.996901883325198,7.291666666666667,0.1393939393939394
98,125.4073715209961,2026-06-17T18:07:14,6630.930045498049,285,0.0,-427.5,36.86049177446302,7.381498735100976,8.333333333333334,0.20303030303030303
99,76.00317597389221,2026-06-17T18:10:54,7403.648450585095,335,0.0,-502.5,38.56687850841276,7.697493118449568,8.333333333333334,0.11818181818181818
100,105.26386308670044,2026-06-17T18:14:39,6868.264162864895,326,0.0,-489.0,39.61759076153261,7.82262376585648,7.291666666666667,0.15454545454545457
101,200.39008378982544,2026-06-17T18:18:21,6882.932620090365,267,0.0,-400.5,40.05933880178102,7.973871890443145,8.333333333333334,0.14545454545454545
102,137.57016587257385,2026-06-17T18:22:03,7092.666321873952,323,0.0,-484.5,41.47134425473355,8.13813051690574,6.875,0.051515151515151514
103,158.42192161083221,2026-06-17T18:25:45,7197.872974827794,313,0.0,-469.5,41.86146157747191,8.210373743121506,6.875,0.18484848484848485
104,119.07334637641907,2026-06-17T18:29:23,7531.027693110657,343,0.0,-514.5,42.238223139429024,8.266254955036597,6.666666666666667,0.13636363636363635
105,130.01139450073242,2026-06-17T18:33:17,6635.567279819033,299,0.0,-448.5,38.56742632569651,7.69759456508023,8.333333333333334,0.12727272727272726
106,-12.037689447402954,2026-06-17T18:36:56,7433.805138675213,422,0.0,-633.0,41.39748708724201,8.082787150439097,6.25,0.15454545454545457
107,163.8507096171379,2026-06-17T18:40:40,7008.280584953667,309,0.0,-463.5,41.823380394991034,8.217210492812422,7.083333333333333,0.17878787878787877
108,126.29496479034424,2026-06-17T18:44:36,6658.535530990964,292,0.0,-438.0,37.61966432864547,7.508196089259663,8.125,0.21818181818181817
109,111.25977909564972,2026-06-17T18:48:17,7334.710778210907,345,0.0,-517.5,41.91731815466338,8.234606200274412,7.083333333333333,0.07575757575757576
110,174.58202958106995,2026-06-17T18:52:04,6728.333667698112,268,0.0,-402.0,38.43880181422611,7.645997949297772,7.916666666666667,0.13333333333333333
111,149.43906688690186,2026-06-17T18:55:37,7301.823969499684,314,0.0,-471.0,41.36260396558464,8.187437377693515,7.916666666666667,0.12424242424242425
112,175.04664635658264,2026-06-17T18:59:20,7402.572655898608,297,0.0,-445.5,41.36977659241583,8.09154437863887,6.458333333333333,0.1484848484848485
113,94.47324681282043,2026-06-17T19:03:07,6915.03725142306,330,0.0,-495.0,39.29821610826362,7.819035902981949,8.125,0.13333333333333333
114,102.27051782608032,2026-06-17T19:06:59,6508.153031312211,328,0.0,-492.0,39.618034429450496,7.850483425760406,7.708333333333333,0.09696969696969697
115,127.20177936553955,2026-06-17T19:10:40,7343.6506905551805,322,0.0,-483.0,40.68011838990962,8.005497423838095,7.083333333333333,0.1575757575757576
116,103.70808219909668,2026-06-17T19:13:29,7145.450656639022,325,0.0,-487.5,39.413872104951935,7.798787215968681,7.5,0.1878787878787879
117,51.140546798706055,2026-06-17T19:16:47,7288.488558921286,374,0.0,-561.0,40.809369706689594,8.043321363517133,7.291666666666667,0.12424242424242425
118,64.88926911354065,2026-06-17T19:20:33,6828.633438992503,360,0.0,-540.0,40.32595123697288,7.981577819900093,7.708333333333333,0.11515151515151516
119,74.80830812454224,2026-06-17T19:24:12,7376.589250062264,354,0.0,-531.0,40.38722062622188,7.965146389632522,7.291666666666667,0.12121212121212123
120,134.32798862457275,2026-06-17T19:28:11,6625.616892861534,257,0.0,-385.5,34.65519926338864,7.084225316925185,10.0,0.2
121,87.55291652679443,2026-06-17T19:31:59,6997.846003622444,328,0.0,-492.0,38.636860863979265,7.6965639343278935,8.125,0.2272727272727273
122,67.69332361221313,2026-06-17T19:35:41,7228.021728085181,367,0.0,-550.5,41.21288793038273,8.062491213241374,6.458333333333333,0.13333333333333333
123,96.36614382266998,2026-06-17T19:39:31,7228.003414778298,312,0.0,-468.0,37.6244093345409,7.564629785268065,8.958333333333334,0.1303030303030303
124,126.07683634757996,2026-06-17T19:43:26,7099.080615126988,316,0.0,-474.0,40.005122212874596,7.908276881787493,7.5,0.15151515151515152
125,191.4432988166809,2026-06-17T19:47:16,6933.285097802337,274,0.0,-411.0,40.16288658633272,7.937492214345716,7.5,0.14242424242424243
126,44.49362635612488,2026-06-17T19:51:15,6781.0879876912395,332,0.0,-498.0,36.16624184192428,7.2807127184270115,8.75,0.196969696969697
127,111.04835557937622,2026-06-17T19:55:22,6261.924785973841,279,0.0,-418.5,35.30322368101526,7.218117388662676,10.208333333333334,0.10303030303030303
128,91.35818719863892,2026-06-17T19:59:05,7258.554660614325,372,0.0,-558.0,43.29054569758067,8.433350054096978,6.25,0.1484848484848485
129,157.7974829673767,2026-06-17T20:02:51,7181.556462902427,318,0.0,-477.0,42.31983197382992,8.267478801020404,6.458333333333333,0.12727272727272726
130,84.34389448165894,2026-06-17T20:06:50,6430.702452673782,308,0.0,-462.0,36.42292641657322,7.342135173575749,8.958333333333334,0.13636363636363635
131,48.94366407394409,2026-06-17T20:10:54,6460.69671694753,323,0.0,-484.5,35.562911061494425,7.2384296634044105,9.791666666666666,0.10606060606060605
132,58.425869941711426,2026-06-17T20:14:52,6785.921441201015,344,0.0,-516.0,38.2950579248498,7.6054902267167686,7.708333333333333,0.10303030303030303
133,67.81286430358887,2026-06-17T20:18:40,7026.103375184156,371,0.0,-556.5,41.62085773469788,8.151929171503802,6.666666666666667,0.13333333333333333
134,127.00825691223145,2026-06-17T20:22:27,6945.6941676891765,319,0.0,-478.5,40.36721729734056,8.003108356512517,7.916666666666667,0.12121212121212123
135,178.3588001728058,2026-06-17T20:26:21,6890.740514971517,255,0.0,-382.5,37.39058675459934,7.535218490505887,9.166666666666666,0.15454545454545457
136,135.5185112953186,2026-06-17T20:30:16,6467.905166828016,293,0.0,-439.5,38.33456729767392,7.626695454074248,7.916666666666667,0.17272727272727273
137,76.43568563461304,2026-06-17T20:34:02,7152.737304213857,340,0.0,-510.0,39.09571205668381,7.767646777696895,7.916666666666667,0.20303030303030303
138,40.213343143463135,2026-06-17T20:37:45,7405.8936744752245,383,0.0,-574.5,40.98088954694369,7.991751479268189,6.041666666666667,0.15454545454545457
139,171.69615840911865,2026-06-17T20:39:22,6665.9736829504,246,0.0,-369.0,36.04641050301133,7.369631951649314,10.416666666666666,0.10303030303030303
140,69.39999628067017,2026-06-17T20:41:07,6888.641356101269,346,0.0,-519.0,39.226666347937126,7.833563579865488,8.541666666666666,0.08181818181818182
141,91.98237085342407,2026-06-17T20:43:04,6469.104464666095,283,0.0,-424.5,34.43215804900236,7.029033051374422,9.791666666666666,0.15454545454545457
142,94.73997259140015,2026-06-17T20:46:18,7200.980131322083,355,0.0,-532.5,41.81599792590259,8.188065882578394,6.666666666666667,0.13636363636363635
143,196.2048420906067,2026-06-17T20:50:00,6931.263816571936,272,0.0,-408.0,40.28032267805413,8.014794421264323,8.333333333333334,0.10303030303030303
144,36.44407680630684,2026-06-17T20:53:30,7413.720582082637,345,0.0,-517.5,36.929605188860904,7.435963637557223,8.958333333333334,0.14545454545454545
145,153.89201819896698,2026-06-17T20:57:12,6747.496561205957,299,0.0,-448.5,40.15946752381184,7.978525310951222,8.125,0.1393939393939394
146,121.43809127807617,2026-06-17T21:01:03,6876.475660039392,278,0.0,-417.0,35.89587273234092,7.258422365483999,9.166666666666666,0.12424242424242425
147,179.94828271865845,2026-06-17T21:04:51,6786.7097715396985,248,0.0,-372.0,36.79655205939098,7.452990665531555,9.583333333333334,0.1606060606060606
148,119.90139710903168,2026-06-17T21:08:36,6788.601191534294,311,0.0,-466.5,39.0934262612451,7.795000986478239,8.333333333333334,0.18181818181818182
149,108.69172170758247,2026-06-17T21:12:27,6622.10901598526,295,0.0,-442.5,36.74611468326975,7.415873004096837,9.166666666666666,0.08787878787878788
150,-24.127136826515198,2026-06-17T21:16:10,6642.210128700433,423,0.0,-634.5,40.69152419065712,8.063164588039855,7.916666666666667,0.07272727272727272
151,118.3651876449585,2026-06-17T21:19:52,6825.317797358931,325,0.0,-487.5,40.39101254864258,8.021403590466129,8.125,0.08787878787878788
152,55.21617126464844,2026-06-17T21:23:30,7082.747805736467,366,0.0,-549.0,40.281078279180164,7.945490595999512,7.291666666666667,0.06666666666666667
153,52.33536207675934,2026-06-17T21:27:17,7011.043831094689,361,0.0,-541.5,39.58902414440502,7.858999954474736,7.916666666666667,0.19393939393939394
154,68.62370423972607,2026-06-17T21:30:59,7262.7555940137,353,0.0,-529.5,39.874914093273546,7.911942008172708,7.916666666666667,0.11515151515151516
155,139.17744374275208,2026-06-17T21:34:40,7199.546075692867,333,0.0,-499.5,42.57849593927794,8.315379056355285,6.458333333333333,0.11212121212121211
156,203.42757038772106,2026-06-17T21:38:29,6420.221315016755,254,0.0,-381.0,38.96183780344407,7.784521747234451,8.541666666666666,0.12727272727272726
157,166.25981330871582,2026-06-17T21:42:08,7049.801946011646,308,0.0,-462.0,41.88398722213982,8.242322617086591,7.291666666666667,0.12121212121212123
158,74.88228863477707,2026-06-17T21:46:06,6474.104092870327,297,0.0,-445.5,34.69215240648125,7.104957173140218,10.208333333333334,0.11515151515151516
159,120.71216934919357,2026-06-17T21:49:52,6960.574682924459,301,0.0,-451.5,38.147477816760166,7.647604600367036,8.75,0.14242424242424243
160,132.11498832702637,2026-06-17T21:53:36,6916.371842513574,318,0.0,-477.0,40.607665589443144,8.00596912273838,7.291666666666667,0.12727272727272726
161,139.05688285827637,2026-06-17T21:57:19,6940.394353553588,308,0.0,-462.0,40.070458776769755,7.948153624478145,7.916666666666667,0.0787878787878788
162,207.5624531507492,2026-06-17T22:00:53,6801.010111975516,262,0.0,-393.0,40.037496802595314,7.983715866227274,8.541666666666666,0.07575757575757576
163,208.9756531715393,2026-06-17T22:04:36,7131.938767081668,275,0.0,-412.5,41.43171029787129,8.158568468660798,7.291666666666667,0.16666666666666666
164,181.59888887405396,2026-06-17T22:08:29,6733.216914396862,282,0.0,-423.0,40.30659277965077,8.005770456244994,8.125,0.10909090909090909
165,116.55073833465576,2026-06-17T22:12:35,6536.400469028772,324,0.0,-486.0,40.17004879650558,7.966596036299559,7.916666666666667,0.09090909090909091
166,90.78855037689209,2026-06-17T22:16:30,7302.866575609291,359,0.0,-538.5,41.95256987991322,8.213356732261927,6.666666666666667,0.08787878787878788
167,113.29346895217896,2026-06-17T22:20:34,6841.741919124272,289,0.0,-433.5,36.452897738863314,7.389351612941838,9.583333333333334,0.13636363636363635
168,196.63138818740845,2026-06-17T22:24:28,7054.18327789207,277,0.0,-415.5,40.80875891238349,8.098763254591548,8.125,0.06666666666666667
169,46.22011411190033,2026-06-17T22:28:31,6716.49226557222,332,0.0,-498.0,36.281340926488625,7.357582150570252,9.583333333333334,0.2121212121212121
170,116.698002576828,2026-06-17T22:32:36,6907.919264548666,305,0.0,-457.5,38.27986682721722,7.630454588620176,8.125,0.11818181818181818
171,97.81763482093811,2026-06-17T22:36:32,6736.619692771968,352,0.0,-528.0,41.7211754428937,8.212172589099866,7.291666666666667,0.1303030303030303
172,127.62855958938599,2026-06-17T22:40:27,7206.350431632808,307,0.0,-460.5,39.208570455749026,7.830212522230458,8.541666666666666,0.12727272727272726
173,105.68133449554443,2026-06-17T22:44:11,7276.595726275052,333,0.0,-499.5,40.345422538139736,7.999072330354511,7.916666666666667,0.12121212121212123
174,124.80651235580444,2026-06-17T22:48:13,6594.278219010488,323,0.0,-484.5,40.62043407742176,8.008333633903883,7.291666666666667,0.196969696969697
175,135.1524248123169,2026-06-17T22:52:20,6757.394231863192,274,0.0,-411.0,36.410161711216006,7.353660112888683,9.166666666666666,0.13333333333333333
176,-16.802812457084656,2026-06-17T22:56:15,7300.97457636478,398,0.0,-597.0,38.67981260063662,7.676740380094558,7.708333333333333,0.13333333333333333
177,74.23766088485718,2026-06-17T22:59:26,6552.878413835056,267,0.0,-400.5,31.649177397097656,6.638670167652534,11.666666666666666,0.16666666666666666
178,148.41185474395752,2026-06-17T23:02:12,7181.1142446109825,327,0.0,-490.5,42.59412338481608,8.359939248811523,7.083333333333333,0.1
179,55.224586486816406,2026-06-17T23:05:58,6784.366491197929,367,0.0,-550.5,40.38163892259764,7.964112751149706,7.291666666666667,0.12121212121212123
180,78.41747117042542,2026-06-17T23:09:42,6873.559986523255,361,0.0,-541.5,41.327830932710896,8.153220491555848,7.5,0.05454545454545454
181,85.99699902534485,2026-06-17T23:13:28,6843.292354968621,300,0.0,-450.0,35.73313314114922,7.2838407055218175,10.0,0.12727272727272726
182,62.09058606624603,2026-06-17T23:17:02,7516.925580481256,340,0.0,-510.0,38.13937229368543,7.562771092585646,7.5,0.2272727272727273
183,115.89678001403809,2026-06-17T23:20:33,7029.321922398246,306,0.0,-459.0,38.3264520882536,7.625192652543096,7.916666666666667,0.1303030303030303
184,131.2725625038147,2026-06-17T23:24:06,6679.951123850098,315,0.0,-472.5,40.251504457722355,7.912236517162552,6.875,0.08181818181818182
185,191.3113170862198,2026-06-17T23:27:29,7284.3469338763025,271,0.0,-406.5,39.85408754178211,7.894196527945682,7.708333333333333,0.07272727272727272
186,59.68791723251343,2026-06-17T23:30:54,7162.060611749301,362,0.0,-543.0,40.179194190958405,7.91273461092898,7.083333333333333,0.07575757575757576
187,226.8513298034668,2026-06-17T23:34:16,7062.4691196378535,287,0.0,-430.5,43.82342195303292,8.559807355335812,6.666666666666667,0.0696969696969697
188,126.78201150894165,2026-06-17T23:37:51,6655.0784300558025,298,0.0,-447.0,38.25213419266752,7.625318966912147,8.125,0.13333333333333333
189,179.87388134002686,2026-06-17T23:41:13,7191.098951344561,307,0.0,-460.5,42.691592420789554,8.364100139789878,6.875,0.17272727272727273
190,160.36224710941315,2026-06-17T23:44:42,7003.180644128554,300,0.0,-450.0,40.690816321102595,8.07692225239618,8.125,0.060606060606060615
191,78.03262901306152,2026-06-17T23:48:05,7208.8920037054395,376,0.0,-564.0,42.80217530110625,8.342911996176527,6.25,0.1606060606060606
192,84.7956532239914,2026-06-17T23:51:35,7059.1089439330735,323,0.0,-484.5,37.95304314408682,7.569932289565812,8.125,0.12121212121212123
193,67.03078150749207,2026-06-17T23:55:07,6957.337234861124,342,0.0,-513.0,38.668718411209696,7.660797171115849,7.5,0.07575757575757576
194,114.35381543636322,2026-06-17T23:58:41,6484.950610894392,305,0.0,-457.5,38.12358740004173,7.657069243364393,8.958333333333334,0.2121212121212121
195,145.46248722076416,2026-06-18T00:02:01,7305.323983134532,327,0.0,-490.5,42.397499462103916,8.337416525390609,7.291666666666667,0.13636363636363635
196,111.02330875396729,2026-06-18T00:05:24,7049.215372095786,335,0.0,-502.5,40.90155383576313,8.115947327819402,8.125,0.09393939393939395
197,73.5009069442749,2026-06-18T00:08:58,6849.434641024202,337,0.0,-505.5,38.600060688144936,7.68974915509964,8.125,0.09090909090909091
198,153.86217045783997,2026-06-18T00:12:28,6670.521088718297,294,0.0,-441.0,39.657477589217834,7.913342641563323,8.541666666666666,0.1484848484848485
199,136.2380678653717,2026-06-18T00:15:43,7208.71077104581,290,0.0,-435.0,38.08253795987475,7.6216900712028055,8.541666666666666,0.10303030303030303
200,153.94913744926453,2026-06-18T00:19:00,6526.216838281568,282,0.0,-423.0,38.46327571906095,7.706085108574769,8.75,0.10303030303030303
201,146.45034831762314,2026-06-18T00:22:32,6776.529958908285,275,0.0,-412.5,37.26335668290844,7.511657601729925,9.166666666666666,0.1393939393939394
202,203.1462755203247,2026-06-18T00:25:59,6855.6028996252335,262,0.0,-393.0,39.743085079393055,7.87364072195227,7.708333333333333,0.17575757575757575
203,90.76765447854996,2026-06-18T00:29:34,6585.04716064762,286,0.0,-429.0,34.651177214385804,7.0834805004840105,10.0,0.11818181818181818
204,30.7799711227417,2026-06-18T00:32:58,7170.266149299227,391,0.0,-586.5,41.15199784858368,8.078992884926887,6.875,0.1484848484848485
205,123.66257572174072,2026-06-18T00:36:22,7330.706372889108,310,0.0,-465.0,39.24417142890108,7.795138979108668,7.916666666666667,0.1303030303030303
206,165.39226245880127,2026-06-18T00:39:45,6937.499801480465,295,0.0,-442.5,40.52615107953297,8.032540244078183,7.916666666666667,0.12424242424242425
207,110.40653610229492,2026-06-18T00:43:07,6977.2778941674605,333,0.0,-499.5,40.660435361661655,8.043518705057043,7.708333333333333,0.1303030303030303
208,72.07047355175018,2026-06-18T00:46:33,6844.911674452534,321,0.0,-481.5,36.90469810438459,7.361907510630286,7.916666666666667,0.2484848484848485
209,209.45229935646057,2026-06-18T00:49:58,6948.287845492317,240,0.0,-360.0,37.96348662015003,7.613532497274782,8.75,0.09696969696969697
210,186.24261713027954,2026-06-18T00:53:20,7077.847611999346,288,0.0,-432.0,41.216174489889234,8.104766079285985,7.083333333333333,0.1303030303030303
211,112.21420681476593,2026-06-18T00:56:50,6884.985884136004,285,0.0,-427.5,35.98094707349681,7.3158429655603845,9.791666666666666,0.10909090909090909
212,122.89558112621307,2026-06-18T01:00:14,6907.443498939143,326,0.0,-489.0,40.79303838412187,8.081963324766301,7.916666666666667,0.05757575757575758
213,216.48486804962158,2026-06-18T01:03:37,6911.227179887253,265,0.0,-397.5,40.93232477826244,8.121645593521231,8.125,0.10303030303030303
214,89.25791931152344,2026-06-18T01:07:01,7073.829882351358,339,0.0,-508.5,39.85052805794551,7.879648620863876,7.5,0.1575757575757576
215,176.73759937286377,2026-06-18T01:10:22,7053.688722542766,292,0.0,-438.0,40.98250665240199,8.061494690247308,7.083333333333333,0.10303030303030303
216,99.97170639038086,2026-06-18T01:13:44,6832.868030057659,340,0.0,-510.0,40.664780593585604,8.002657119588823,7.083333333333333,0.10606060606060605
217,197.0657947063446,2026-06-18T01:16:53,7075.3358135303,293,0.0,-439.5,42.43771965108813,8.330975884054004,7.083333333333333,0.12121212121212123
218,46.83472383022308,2026-06-18T01:20:05,7275.507247103682,349,0.0,-523.5,38.02231460341525,7.596648959309114,8.333333333333334,0.1606060606060606
219,121.34914588928223,2026-06-18T01:23:34,6675.082351815854,315,0.0,-472.5,39.58994315145419,7.83139263926346,7.5,0.15454545454545457
220,199.65883260965347,2026-06-18T01:26:57,6778.218699744863,279,0.0,-418.5,41.210588793432706,8.13150920139718,7.5,0.16969696969696968
221,123.85433578491211,2026-06-18T01:30:18,7331.978162666669,343,0.0,-514.5,42.55695588141838,8.33916769664066,6.875,0.05757575757575758
222,126.2660665512085,2026-06-18T01:33:43,7216.214191543872,304,0.0,-456.0,38.81773801947325,7.716170618906122,7.916666666666667,0.060606060606060615
223,105.99759674072266,2026-06-18T01:37:08,7177.967774264322,320,0.0,-480.0,39.06650606733125,7.7344608152352885,7.5,0.15151515151515152
224,-71.42430543899536,2026-06-18T01:40:40,7248.1907450051785,413,0.0,-619.5,36.53837956218976,7.30796017192484,8.125,0.16969696969696968
225,78.52610063552856,2026-06-18T01:44:04,6865.079224645835,343,0.0,-514.5,39.53507309443305,7.862897869204095,8.125,0.13333333333333333
226,217.5384020805359,2026-06-18T01:47:25,7131.595804320533,287,0.0,-430.5,43.202560269953295,8.458722869324184,6.875,0.13333333333333333
227,163.17089927196503,2026-06-18T01:50:55,6808.090897784274,264,0.0,-396.0,37.27806017770822,7.528269193908603,9.375,0.11515151515151516
228,115.81058740615845,2026-06-18T01:54:20,7262.848522859271,321,0.0,-481.5,39.82070587095183,7.929681048869093,8.333333333333334,0.13636363636363635
229,146.91987282037735,2026-06-18T01:57:44,6842.330630145069,296,0.0,-444.0,39.39465815369876,7.850784112429115,8.333333333333334,0.060606060606060615
230,149.85195064544678,2026-06-18T02:01:01,7255.668443999572,340,0.0,-510.0,43.9901296929988,8.57679010031516,6.458333333333333,0.1303030303030303
231,29.064507484436035,2026-06-18T02:04:37,6276.766496340725,353,0.0,-529.5,37.237633882916256,7.451339167884709,8.333333333333334,0.09393939393939395
232,191.2503571510315,2026-06-18T02:08:11,6485.274669597215,259,0.0,-388.5,38.65002379923045,7.740667740554159,8.75,0.12121212121212123
233,-14.107100009918213,2026-06-18T02:11:33,7054.61612899403,430,0.0,-645.0,42.0595262461471,8.247052018682338,6.875,0.08181818181818182
234,133.13002634048462,2026-06-18T02:14:49,6814.634111942333,309,0.0,-463.5,39.775335051814366,7.907390379345158,8.125,0.12727272727272726
235,62.336129665374756,2026-06-18T02:18:03,6877.9683402676865,356,0.0,-534.0,39.75574199970553,7.903762072645468,8.125,0.14242424242424243
236,107.30582094192505,2026-06-18T02:21:24,6556.0891365846255,311,0.0,-466.5,38.253721139513644,7.681167843018936,8.958333333333334,0.0696969696969697
237,107.126051902771,2026-06-18T02:24:56,6734.817789178122,298,0.0,-447.0,36.94173680639168,7.4520989609302974,9.166666666666666,0.10303030303030303
238,62.668785095214844,2026-06-18T02:28:18,7160.25757678932,379,0.0,-568.5,42.077918992977004,8.208791798849457,6.25,0.1878787878787879
239,79.75405359268188,2026-06-18T02:31:47,6700.687197973449,334,0.0,-501.0,38.7169365436752,7.7530588656129185,8.75,0.05757575757575758
240,113.44368660449982,2026-06-18T02:35:08,7186.616137719658,345,0.0,-517.5,42.06291226673345,8.219901553261256,6.458333333333333,0.1484848484848485
241,188.278666973114,2026-06-18T02:38:30,6896.1172488714055,284,0.0,-426.0,40.95191120575972,8.097495173453272,7.708333333333333,0.08484848484848484
242,79.76029706001282,2026-06-18T02:41:58,6690.229309612935,332,0.0,-498.0,38.51735287181752,7.729988045979408,8.958333333333334,0.13636363636363635
243,129.27933575212955,2026-06-18T02:45:19,7421.775847978665,333,0.0,-499.5,41.91862215327267,8.207070179083544,6.666666666666667,0.1
244,108.67041182518005,2026-06-18T02:48:37,6521.837013607119,307,0.0,-460.5,37.9446938985094,7.5961636484389645,8.541666666666666,0.09393939393939395
245,126.0841873884201,2026-06-18T02:51:43,7330.980668262316,307,0.0,-460.5,39.10561273020569,7.797257717421924,8.333333333333334,0.09696969696969697
246,103.12617444992065,2026-06-18T02:55:12,6788.9277882939305,333,0.0,-499.5,40.175078134440334,7.884194885862775,6.666666666666667,0.08181818181818182
247,139.28804063796997,2026-06-18T02:58:32,7133.9617800001115,341,0.0,-511.5,43.385869581432424,8.451002448654927,6.25,0.06363636363636363
248,167.3563836812973,2026-06-18T03:01:59,7056.057214132954,301,0.0,-451.5,41.257092275021336,8.112343371129368,7.083333333333333,0.16969696969696968
249,65.98049831390381,2026-06-18T03:05:22,7279.640568015396,374,0.0,-561.0,41.798700029148804,8.198751350397872,6.875,0.13333333333333333
250,162.00825119018555,2026-06-18T03:08:49,7156.203279340642,285,0.0,-427.5,39.300549830750406,7.8333568194911285,8.333333333333334,0.08787878787878788
251,-15.128472685813904,2026-06-18T03:12:16,7118.613877217149,417,0.0,-625.5,40.69143487212511,7.993704297736367,6.875,0.1393939393939394
252,214.59737318754196,2026-06-18T03:15:37,7316.532930827919,304,0.0,-456.0,44.70649151071772,8.695559619593075,6.25,0.10909090909090909
253,114.07111096382141,2026-06-18T03:19:04,7025.429626487965,324,0.0,-486.0,40.004740611359104,7.93598371554685,7.916666666666667,0.09090909090909091
254,96.57359707355499,2026-06-18T03:22:36,6732.397544999162,312,0.0,-468.0,37.6382400712181,7.594968507188404,9.375,0.16666666666666666
255,139.92274284362793,2026-06-18T03:26:04,7098.950091903827,297,0.0,-445.5,39.02818247937344,7.824585175471971,8.958333333333334,0.11212121212121211
256,201.2831678390503,2026-06-18T03:29:24,7529.300812033191,276,0.0,-414.0,41.01887780111125,8.068230020802453,7.083333333333333,0.11212121212121211
257,121.40812683105469,2026-06-18T03:32:41,7460.816846887218,370,0.0,-555.0,45.09387493532705,8.739519073440315,5.833333333333333,0.09696969696969697
258,100.52095067501068,2026-06-18T03:36:15,6922.057724256977,301,0.0,-451.5,36.80139667846849,7.384444058241055,8.541666666666666,0.09696969696969697
259,129.8073320388794,2026-06-18T03:39:40,7249.627815041162,330,0.0,-495.0,41.65382222690968,8.144144896053225,6.458333333333333,0.10303030303030303
260,-37.35134410858154,2026-06-18T03:43:05,7287.214475251743,418,0.0,-627.0,39.30991019898436,7.76564645368192,7.291666666666667,0.18484848484848485
261,105.69435429573059,2026-06-18T03:46:24,7013.462082742911,343,0.0,-514.5,41.346290175687486,8.12886133570106,7.083333333333333,0.11818181818181818
262,158.7439489364624,2026-06-18T03:49:33,7173.404222258928,303,0.0,-454.5,40.8829297476146,8.070832207095762,7.5,0.18484848484848485
263,106.17956763505936,2026-06-18T03:52:47,6975.489514283995,301,0.0,-451.5,37.17863763805306,7.509857796606792,9.375,0.11212121212121211
264,166.3640165925026,2026-06-18T03:56:21,6723.761501360473,267,0.0,-400.5,37.790934093173874,7.5676898951542455,8.541666666666666,0.0787878787878788
265,217.97312116622925,2026-06-18T03:59:41,7226.897687121828,289,0.0,-433.5,43.43154124864651,8.473348830228522,6.458333333333333,0.14242424242424243
266,94.83044826984406,2026-06-18T04:03:05,6996.539914436658,349,0.0,-523.5,41.22202967054988,8.119739111157996,7.291666666666667,0.17272727272727273
267,115.65685033798218,2026-06-18T04:06:37,6860.023099795865,306,0.0,-459.0,38.3104568942392,7.677785609198195,8.75,0.14545454545454545
268,139.8812608718872,2026-06-18T04:09:58,7021.181271144942,328,0.0,-492.0,42.12541734077345,8.287031451222232,7.291666666666667,0.07575757575757576
269,148.21452140808105,2026-06-18T04:13:22,7102.996408191172,321,0.0,-481.5,41.98096815159506,8.260281868872879,7.291666666666667,0.1484848484848485
270,147.58367800712585,2026-06-18T04:16:47,7201.806361979802,295,0.0,-442.5,39.33891209454991,7.812683371375733,7.916666666666667,0.13333333333333333
271,28.605074882507324,2026-06-18T04:20:15,6998.495003846627,375,0.0,-562.5,39.4070048372064,7.783626762436671,7.291666666666667,0.08787878787878788
272,164.37067985534668,2026-06-18T04:23:36,7347.912403783182,326,0.0,-489.0,43.55804507983442,8.482886481367338,6.25,0.10909090909090909
273,107.07576942443848,2026-06-18T04:27:13,6662.3093592771875,279,0.0,-418.5,35.03838445947689,7.141296078820794,9.791666666666666,0.12727272727272726
274,136.19375610351562,2026-06-18T04:30:39,6830.757436613348,313,0.0,-469.5,40.37958384147778,8.00539843437766,7.916666666666667,0.08484848484848484
275,131.7007441520691,2026-06-18T04:34:05,7257.45028811294,338,0.0,-507.0,42.58004947975513,8.315666746159321,6.458333333333333,0.11515151515151516
276,154.1327419281006,2026-06-18T04:37:30,7232.691866173489,334,0.0,-501.0,43.675515707509575,8.518528833768983,6.458333333333333,0.17575757575757575
277,219.77827179431915,2026-06-18T04:41:05,6750.8609617056545,241,0.0,-361.5,38.75188437487428,7.773419371487137,8.958333333333334,0.1484848484848485
278,148.02650034427643,2026-06-18T04:44:32,6954.997837710929,316,0.0,-474.0,41.468433291432056,8.13759145501836,6.875,0.06666666666666667
279,103.89767074584961,2026-06-18T04:47:42,7180.613464716985,342,0.0,-513.0,41.126511389931636,8.115939467558839,7.5,0.12121212121212123
280,136.39380025863647,2026-06-18T04:50:52,7056.915556744463,315,0.0,-472.5,40.59291966994708,8.017127174213032,7.5,0.15151515151515152
281,177.09112453460693,2026-06-18T04:54:11,7235.252036899958,314,0.0,-471.0,43.20607511049672,8.417707509212152,6.25,0.09696969696969697
282,170.04414612054825,2026-06-18T04:57:41,6915.0879017617,304,0.0,-456.0,41.73627642727938,8.15941403972502,6.458333333333333,0.09393939393939395
283,145.87944340705872,2026-06-18T05:01:04,7182.379862056407,336,0.0,-504.0,43.3252956659891,8.46756266908008,6.666666666666667,0.12424242424242425
284,95.68005776405334,2026-06-18T05:04:38,7123.921851191711,314,0.0,-471.0,37.778670336671624,7.537641351845973,8.125,0.07575757575757576
285,58.316328048706055,2026-06-18T05:08:12,6988.201916238312,355,0.0,-532.5,39.38775476902769,7.780061970644442,7.291666666666667,0.17575757575757575
286,135.90287351608276,2026-06-18T05:11:45,6734.979134610826,321,0.0,-481.5,41.16019110866625,8.108287640139842,7.291666666666667,0.11818181818181818
287,120.21745085716248,2026-06-18T05:15:13,7021.47025158021,339,0.0,-508.5,41.914496434278064,8.220194914687728,6.875,0.10606060606060605
288,73.05514240264893,2026-06-18T05:18:45,7017.360647927906,334,0.0,-501.0,38.27034275882248,7.628690889887943,8.125,0.1606060606060606
289,122.68486559391022,2026-06-18T05:22:21,6693.546909474306,310,0.0,-465.0,39.178991113921995,7.810846171113121,8.333333333333334,0.1303030303030303
290,185.8682382106781,2026-06-18T05:25:49,6616.127982570555,308,0.0,-462.0,43.19121572105618,8.456622047944252,6.875,0.08484848484848484
291,202.1566617488861,2026-06-18T05:29:21,6839.64317819582,263,0.0,-394.5,39.777110313237884,7.921607878173101,8.333333333333334,0.08181818181818182
292,-14.574345588684082,2026-06-18T05:32:46,7345.45266068668,429,0.0,-643.5,41.928376675893126,8.208876554097474,6.666666666666667,0.14545454545454545
293,65.2437252998352,2026-06-18T05:36:23,6567.958928071665,338,0.0,-507.0,38.149581605142146,7.59243918691224,7.916666666666667,0.12727272727272726
294,114.87110614776611,2026-06-18T05:39:50,7055.335488140781,346,0.0,-519.0,42.25807322419671,8.283819609900826,6.875,0.07575757575757576
295,131.5678689479828,2026-06-18T05:43:20,7398.93385386612,301,0.0,-451.5,38.871191056932,7.739957980559521,8.125,0.09090909090909091
296,212.07923460006714,2026-06-18T05:46:44,6444.505470658302,242,0.0,-363.0,38.338615220759095,7.655222561964237,8.333333333333334,0.16666666666666666
297,73.21806216239929,2026-06-18T05:49:56,7143.670424825821,356,0.0,-534.0,40.48120433400315,7.968661855918481,7.083333333333333,0.1575757575757576
298,175.56803035736084,2026-06-18T05:53:10,6904.714598558062,300,0.0,-450.0,41.7045351926931,8.222979842100216,7.5,0.1303030303030303
299,83.2272481918335,2026-06-18T05:56:40,7201.47459201537,341,0.0,-511.5,39.64848302921308,7.842233248959776,7.5,0.14242424242424243
300,134.29495191574097,2026-06-18T06:00:14,6980.818223351124,289,0.0,-433.5,37.85299677801797,7.606960370009294,8.958333333333334,0.11818181818181818
