time_s,main_down_1_occupancy_pct,main_down_2_occupancy_pct,occupancy,main_down_1_vehicle_count,main_down_2_vehicle_count,ramp_arrival_vehicle_count,departed,arrived,teleport,collision
0,0.0,0.0,0.0,0,0,0,2,0,0,0
1,0.0,0.0,0.0,0,0,0,0,0,0,0
2,0.0,0.0,0.0,0,0,0,0,0,0,0
3,0.0,0.0,0.0,0,0,0,0,0,0,0
4,0.0,0.0,0.0,0,0,0,0,0,0,0
5,0.0,0.0,0.0,0,0,0,0,0,0,0
6,0.0,0.0,0.0,0,0,0,1,0,0,0
7,0.0,0.0,0.0,0,0,0,0,0,0,0
8,0.0,0.0,0.0,0,0,0,0,0,0,0
9,0.0,0.0,0.0,0,0,0,0,0,0,0
10,0.0,0.0,0.0,0,0,0,0,0,0,0
11,0.0,0.0,0.0,0,0,0,0,0,0,0
12,0.0,0.0,0.0,0,0,0,1,0,0,0
13,0.0,0.0,0.0,0,0,0,0,0,0,0
14,0.0,0.0,0.0,0,0,0,0,0,0,0
15,0.0,0.0,0.0,0,0,0,0,0,0,0
16,0.0,0.0,0.0,0,0,0,0,0,0,0
17,0.0,0.0,0.0,0,0,0,0,0,0,0
18,0.0,0.0,0.0,0,0,0,1,0,0,0
19,0.0,0.0,0.0,0,0,0,0,0,0,0
20,0.0,0.0,0.0,0,0,0,0,0,0,0
21,0.0,0.0,0.0,0,0,0,0,0,0,0
22,0.0,0.0,0.0,0,0,0,0,0,0,0
23,0.0,0.0,0.0,0,0,0,0,0,0,0
24,0.0,0.0,0.0,0,0,0,1,0,0,0
25,0.0,0.0,0.0,0,0,0,0,0,0,0
26,0.0,0.0,0.0,0,0,0,0,0,0,0
27,0.0,0.0,0.0,0,0,0,0,0,0,0
28,0.0,0.0,0.0,0,0,0,0,0,0,0
29,0.0,0.0,0.0,0,0,0,0,0,0,0
30,0.0,0.0,0.0,0,0,0,1,0,0,0
31,0.0,0.0,0.0,0,0,0,0,0,0,0
32,0.0,0.0,0.0,0,0,0,0,0,0,0
33,0.0,0.0,0.0,0,0,0,0,0,0,0
34,0.0,0.0,0.0,0,0,0,0,0,0,0
35,0.0,0.0,0.0,0,0,0,0,0,0,0
36,0.0,0.0,0.0,0,0,0,1,0,0,0
37,0.0,0.0,0.0,0,0,0,0,0,0,0
38,0.0,0.0,0.0,0,0,0,0,0,0,0
39,0.0,0.0,0.0,0,0,0,0,0,0,0
40,0.0,0.0,0.0,0,0,0,0,0,0,0
41,0.0,0.0,0.0,0,0,0,0,0,0,0
42,0.0,0.0,0.0,0,0,0,1,0,0,0
43,0.0,0.0,0.0,0,0,0,0,0,0,0
44,0.0,0.0,0.0,0,0,0,0,0,0,0
45,0.0,0.0,0.0,0,0,0,0,0,0,0
46,0.0,0.0,0.0,0,0,0,0,0,0,0
47,0.0,0.0,0.0,0,0,0,0,0,0,0
48,0.0,0.0,0.0,0,0,0,1,0,0,0
49,0.0,0.0,0.0,0,0,0,0,0,0,0
50,0.0,0.0,0.0,0,0,0,0,0,0,0
51,0.0,0.0,0.0,0,0,0,0,0,0,0
52,0.0,0.0,0.0,0,0,0,0,0,0,0
53,0.0,0.0,0.0,0,0,0,0,0,0,0
54,0.0,0.0,0.0,0,0,0,1,0,0,0
55,0.0,0.0,0.0,0,0,0,0,0,0,0
56,0.0,0.0,0.0,0,0,0,0,0,0,0
57,0.0,0.0,0.0,0,0,0,0,0,0,0
58,0.0,0.0,0.0,0,0,0,0,0,0,0
59,0.0,0.0,0.0,0,0,0,0,0,0,0
60,0.0,0.0,0.0,0,0,0,2,0,0,0
61,0.0,0.0,0.0,0,0,0,0,0,0,0
62,0.0,0.0,0.0,0,0,0,0,0,0,0
63,0.0,0.0,0.0,0,0,0,0,0,0,0
64,0.0,0.0,0.0,0,0,0,0,0,0,0
65,0.0,0.0,0.0,0,0,0,0,0,0,0
66,0.0,0.0,0.0,0,0,0,1,0,0,0
67,0.0,0.0,0.0,0,0,0,0,0,0,0
68,0.0,0.0,0.0,0,0,0,0,0,0,0
69,0.0,0.0,0.0,0,0,0,0,0,0,0
70,0.0,0.0,0.0,0,0,0,0,0,0,0
71,0.0,0.0,0.0,0,0,0,0,0,0,0
72,0.0,0.0,0.0,0,0,0,1,0,0,0
73,0.0,0.0,0.0,0,0,0,0,0,0,0
74,0.0,0.0,0.0,0,0,0,0,0,0,0
75,0.0,0.0,0.0,0,0,0,0,0,0,0
76,0.0,0.0,0.0,0,0,0,0,0,0,0
77,0.0,0.0,0.0,0,0,0,0,0,0,0
78,0.0,0.0,0.0,0,0,0,1,0,0,0
79,0.0,0.0,0.0,0,0,0,0,0,0,0
80,0.0,0.0,0.0,0,0,0,0,0,0,0
81,0.0,0.0,0.0,0,0,0,0,0,0,0
82,0.0,0.0,0.0,0,0,0,0,0,0,0
83,0.0,0.0,0.0,0,0,0,0,0,0,0
84,0.0,0.0,0.0,0,0,0,1,0,0,0
85,0.0,0.0,0.0,0,0,0,0,0,0,0
86,0.0,0.0,0.0,0,0,0,0,0,0,0
87,0.0,0.0,0.0,0,0,0,0,0,0,0
88,0.0,0.0,0.0,0,0,0,0,0,0,0
89,0.0,0.0,0.0,0,0,0,0,0,0,0
90,0.0,0.0,0.0,0,0,0,1,0,0,0
91,0.0,0.0,0.0,0,0,0,0,0,0,0
92,0.0,0.0,0.0,0,0,0,0,0,0,0
93,0.0,0.0,0.0,0,0,0,0,0,0,0
94,0.0,0.0,0.0,0,0,0,0,0,0,0
95,0.0,0.0,0.0,0,0,0,0,0,0,0
96,0.0,0.0,0.0,0,0,0,1,0,0,0
97,0.0,0.0,0.0,0,0,0,0,0,0,0
98,0.0,0.0,0.0,0,0,0,0,0,0,0
99,0.0,0.0,0.0,0,0,0,0,0,0,0
100,0.0,0.0,0.0,0,0,0,0,0,0,0
101,0.0,0.0,0.0,0,0,0,0,0,0,0
102,0.0,0.0,0.0,0,0,0,1,0,0,0
103,0.0,0.0,0.0,0,0,0,0,0,0,0
104,0.0,0.0,0.0,0,0,0,0,0,0,0
105,0.0,0.0,0.0,0,0,0,0,0,0,0
106,0.0,0.0,0.0,0,0,0,0,0,0,0
107,0.0,0.0,0.0,0,0,0,0,0,0,0
108,0.0,0.0,0.0,0,0,0,1,0,0,0
109,0.0,0.0,0.0,0,0,0,0,0,0,0
110,0.0,0.0,0.0,0,0,0,0,0,0,0
111,0.0,0.0,0.0,0,0,0,0,0,0,0
112,0.0,0.0,0.0,0,0,0,0,0,0,0
113,0.0,0.0,0.0,0,0,0,0,0,0,0
114,0.0,0.0,0.0,0,0,0,1,0,0,0
115,0.0,0.0,0.0,0,0,0,0,0,0,0
116,0.0,0.0,0.0,0,0,0,0,0,0,0
117,0.0,0.0,0.0,0,0,1,0,0,0,0
118,0.0,0.0,0.0,0,0,0,0,0,0,0
119,0.0,0.0,0.0,0,0,0,0,0,0,0
120,0.0,0.0,0.0,0,0,0,2,0,0,0
121,0.0,0.0,0.0,0,0,0,0,0,0,0
122,0.0,0.0,0.0,0,0,0,0,0,0,0
123,0.0,0.0,0.0,0,0,0,0,0,0,0
124,0.0,0.0,0.0,0,0,0,0,0,0,0
125,0.0,0.0,0.0,0,0,0,0,0,0,0
126,0.0,0.0,0.0,0,0,0,1,0,0,0
127,0.0,0.0,0.0,0,0,0,0,0,0,0
128,0.0,0.0,0.0,0,0,0,0,0,0,0
129,0.0,0.0,0.0,0,0,0,0,0,0,0
130,0.0,0.0,0.0,0,0,0,0,0,0,0
131,0.0,0.0,0.0,0,0,0,0,0,0,0
132,0.0,0.0,0.0,0,0,0,1,0,0,0
133,0.0,0.0,0.0,0,0,0,0,0,0,0
134,0.0,0.0,0.0,0,0,0,0,0,0,0
135,0.0,0.0,0.0,0,0,0,0,0,0,0
136,0.0,0.0,0.0,0,0,0,0,0,0,0
137,0.0,0.0,0.0,0,0,0,0,0,0,0
138,0.0,0.0,0.0,0,0,0,1,0,0,0
139,0.0,0.0,0.0,0,0,0,0,0,0,0
140,0.0,0.0,0.0,0,0,0,0,0,0,0
141,0.0,0.0,0.0,0,0,0,0,0,0,0
142,0.0,0.0,0.0,0,0,0,0,0,0,0
143,0.0,0.0,0.0,0,0,0,0,0,0,0
144,0.0,0.0,0.0,0,0,0,1,0,0,0
145,0.0,0.0,0.0,0,0,0,0,0,0,0
146,0.0,0.0,0.0,0,0,0,0,0,0,0
147,0.0,0.0,0.0,0,0,0,0,0,0,0
148,0.0,0.0,0.0,0,0,0,0,0,0,0
149,0.0,0.0,0.0,0,0,0,0,0,0,0
150,0.0,0.0,0.0,0,0,0,1,0,0,0
151,0.0,0.0,0.0,0,0,0,0,0,0,0
152,0.0,0.0,0.0,0,0,0,0,0,0,0
153,0.0,0.0,0.0,0,0,0,0,0,0,0
154,0.0,0.0,0.0,0,0,0,0,0,0,0
155,0.0,0.0,0.0,0,0,0,0,0,0,0
156,0.0,0.0,0.0,0,0,0,1,0,0,0
157,0.0,0.0,0.0,0,0,0,0,0,0,0
158,0.0,0.0,0.0,0,0,0,0,0,0,0
159,6.761434486352869,0.0,0.03380717243176434,1,0,0,0,0,0,0
160,0.0,0.0,0.0,1,0,0,0,0,0,0
161,0.0,0.0,0.0,0,0,0,0,0,0,0
162,0.0,0.0,0.0,0,0,0,1,0,0,0
163,0.0,0.0,0.0,0,0,0,0,0,0,0
164,0.0,0.0,0.0,0,0,0,0,0,0,0
165,0.0,0.0,0.0,0,0,1,0,0,0,0
166,0.0,0.0,0.0,0,0,0,0,0,0,0
167,0.0,0.0,0.0,0,0,0,0,0,0,0
168,0.0,0.0,0.0,0,0,0,1,0,0,0
169,0.0,0.0,0.0,0,0,0,0,0,0,0
170,0.0,0.0,0.0,0,0,0,0,0,0,0
171,0.0,0.0,0.0,0,0,0,0,0,0,0
172,0.0,0.0,0.0,0,0,0,0,0,0,0
173,0.0,0.0,0.0,0,0,0,0,0,0,0
174,0.0,0.0,0.0,0,0,0,1,0,0,0
175,0.0,0.0,0.0,0,0,0,0,0,0,0
176,0.0,0.0,0.0,0,0,0,0,0,0,0
177,0.0,0.0,0.0,0,0,0,0,0,0,0
178,0.0,0.0,0.0,0,0,0,0,0,0,0
179,1.3222730254796033,0.0,0.006611365127398017,1,0,0,0,0,0,0
180,0.0,0.0,0.0,1,0,0,2,0,0,0
181,0.0,0.0,0.0,0,0,0,0,0,0,0
182,0.0,0.0,0.0,0,0,0,0,0,0,0
183,0.0,0.0,0.0,0,0,0,0,0,0,0
184,0.0,0.0,0.0,0,0,0,0,0,0,0
185,0.0,0.0,0.0,0,0,0,0,0,0,0
186,0.0,0.0,0.0,0,0,0,1,0,0,0
187,0.0,0.0,0.0,0,0,0,0,0,0,0
188,0.0,0.0,0.0,0,0,0,0,0,0,0
189,17.72345836518525,0.0,0.08861729182592626,1,0,0,0,0,0,0
190,0.0,0.0,0.0,0,0,0,0,0,0,0
191,0.0,0.0,0.0,0,0,0,0,0,0,0
192,0.0,0.0,0.0,0,0,0,1,0,0,0
193,0.0,0.0,0.0,0,0,0,0,0,0,0
194,16.755417558377417,0.0,0.08377708779188708,1,0,0,0,0,0,0
195,0.0,14.653864037941844,0.07326932018970922,0,1,0,0,0,0,0
196,0.0,0.0,0.0,0,0,0,0,0,0,0
197,0.0,0.0,0.0,0,0,0,0,0,0,0
198,0.0,0.0,0.0,0,0,0,1,0,0,0
199,0.0,0.0,0.0,0,0,0,0,0,0,0
200,0.0,0.0,0.0,0,0,0,0,0,0,0
201,0.0,0.0,0.0,0,0,0,0,0,0,0
202,14.761473101975753,0.0,0.07380736550987876,1,0,0,0,0,0,0
203,0.0,0.0,0.0,0,0,0,0,0,0,0
204,0.0,0.0,0.0,0,0,0,1,0,0,0
205,0.0,0.0,0.0,0,0,0,0,0,0,0
206,17.729295214948593,0.0,0.08864647607474296,1,0,0,0,0,0,0
207,0.0,0.0,0.0,0,0,0,0,0,0,0
208,0.0,0.0,0.0,0,0,0,0,0,0,0
209,0.0,0.0,0.0,0,0,0,0,0,0,0
210,0.0,0.0,0.0,0,0,0,1,0,0,0
211,0.0,0.0,0.0,0,0,0,0,0,0,0
212,0.0,0.0,0.0,0,0,0,0,0,0,0
213,0.0,0.0,0.0,0,0,0,0,0,0,0
214,0.0,0.0,0.0,0,0,0,0,0,0,0
215,17.936862941584764,0.0,0.08968431470792382,1,0,0,0,0,0,0
216,0.0,14.331109708183476,0.07165554854091738,0,1,0,1,0,0,0
217,0.0,0.0,0.0,0,0,0,0,0,0,0
218,0.0,0.0,0.0,0,0,0,0,0,0,0
219,0.0,0.0,0.0,0,0,0,0,0,0,0
220,0.0,0.0,0.0,0,0,0,0,0,0,0
221,17.542635542534413,0.0,0.08771317771267206,1,0,0,0,0,0,0
222,0.0,0.0,0.0,0,0,0,1,0,0,0
223,0.0,0.0,0.0,0,0,0,0,0,0,0
224,0.0,0.0,0.0,0,0,0,0,0,0,0
225,0.0,0.0,0.0,0,0,0,0,0,0,0
226,0.0,0.0,0.0,0,0,1,0,0,0,0
227,0.0,0.0,0.0,0,0,1,0,0,0,0
228,0.0,0.0,0.0,0,0,0,1,0,0,0
229,0.0,0.0,0.0,0,0,0,0,0,0,0
230,0.0,0.0,0.0,0,0,0,0,0,0,0
231,0.0,0.0,0.0,0,0,0,0,0,0,0
232,0.0,0.0,0.0,0,0,0,0,0,0,0
233,0.0,0.0,0.0,0,0,0,0,0,0,0
234,0.0,0.0,0.0,0,0,0,1,0,0,0
235,0.0,0.0,0.0,0,0,0,0,0,0,0
236,0.0,0.0,0.0,0,0,0,0,0,0,0
237,0.0,0.0,0.0,0,0,0,0,0,0,0
238,0.0,0.0,0.0,0,0,0,0,0,0,0
239,0.0,0.0,0.0,0,0,0,0,0,0,0
240,0.0,0.0,0.0,0,0,0,2,0,0,0
241,0.0,0.0,0.0,0,0,0,0,0,0,0
242,0.0,0.0,0.0,0,0,0,0,0,0,0
243,0.0,15.849944678348038,0.07924972339174019,0,1,0,0,0,0,0
244,0.0,0.0,0.0,0,0,0,0,0,0,0
245,6.2208481462420195,0.0,0.031104240731210098,1,0,0,0,0,0,0
246,0.0,0.0,0.0,1,0,0,1,0,0,0
247,0.0,0.0,0.0,0,0,0,0,0,0,0
248,0.0,0.0,0.0,0,0,0,0,0,0,0
249,0.0,0.0,0.0,0,0,0,0,0,0,0
250,0.0,0.0,0.0,0,0,0,0,0,0,0
251,0.0,0.0,0.0,0,0,0,0,0,0,0
252,0.0,0.0,0.0,0,0,0,1,0,0,0
253,0.0,0.0,0.0,0,0,0,0,0,0,0
254,0.0,0.0,0.0,0,0,0,0,0,0,0
255,0.0,0.0,0.0,0,0,0,0,0,0,0
256,0.0,0.0,0.0,0,0,0,0,0,0,0
257,0.0,0.0,0.0,0,0,0,0,0,0,0
258,0.0,0.0,0.0,0,0,0,1,0,0,0
259,0.0,0.0,0.0,0,0,0,0,0,0,0
260,0.0,0.0,0.0,0,0,0,0,0,0,0
261,0.0,0.0,0.0,0,0,0,0,0,0,0
262,0.0,0.0,0.0,0,0,0,0,0,0,0
263,0.0,0.0,0.0,0,0,0,0,0,0,0
264,0.0,0.0,0.0,0,0,0,1,0,0,0
265,14.044768323225298,0.0,0.07022384161612649,1,0,0,0,0,0,0
266,0.0,0.0,0.0,1,0,0,0,0,0,0
267,0.0,0.0,0.0,0,0,0,0,1,0,0
268,0.0,0.0,0.0,0,0,0,0,0,0,0
269,0.0,0.0,0.0,0,0,0,0,0,0,0
270,0.0,0.0,0.0,0,0,0,1,0,0,0
271,0.0,0.0,0.0,0,0,0,0,0,0,0
272,0.0,0.0,0.0,0,0,0,0,0,0,0
273,0.0,0.0,0.0,0,0,0,0,0,0,0
274,0.0,0.0,0.0,0,0,0,0,0,0,0
275,0.0,0.0,0.0,0,0,0,0,0,0,0
276,0.0,0.0,0.0,0,0,0,1,0,0,0
277,0.0,0.0,0.0,0,0,0,0,0,0,0
278,0.0,0.0,0.0,0,0,0,0,0,0,0
279,0.0,0.0,0.0,0,0,0,0,0,0,0
280,22.112755649493465,0.0,0.11056377824746733,1,0,0,0,0,0,0
281,0.0,0.0,0.0,0,0,0,0,0,0,0
282,0.0,0.0,0.0,0,0,0,1,0,0,0
283,0.0,0.0,0.0,0,0,0,0,0,0,0
284,0.0,0.0,0.0,0,0,0,0,0,0,0
285,0.0,0.0,0.0,0,0,0,0,0,0,0
286,0.0,0.0,0.0,0,0,0,0,0,0,0
287,0.0,0.0,0.0,0,0,0,0,0,0,0
288,0.0,0.0,0.0,0,0,0,1,0,0,0
289,0.0,0.0,0.0,0,0,0,0,0,0,0
290,0.0,0.0,0.0,0,0,0,0,0,0,0
291,0.0,0.0,0.0,0,0,0,0,0,0,0
292,0.0,0.0,0.0,0,0,0,0,0,0,0
293,0.0,0.0,0.0,0,0,1,0,0,0,0
294,0.0,20.924265593720293,0.10462132796860146,0,1,1,1,0,0,0
295,0.0,0.0,0.0,0,0,0,0,0,0,0
296,0.0,0.0,0.0,0,0,0,0,0,0,0
297,20.926002109348474,8.697362450749324,0.148116822800489,1,1,0,0,0,0,0
298,0.0,0.0,0.0,0,1,0,0,0,0,0
299,0.0,0.0,0.0,0,0,0,0,1,0,0
300,17.678015475394204,0.0,0.08839007737697102,1,0,0,2,0,0,0
301,0.0,20.927648681282562,0.10463824340641281,1,1,0,0,1,0,0
302,0.0,0.0,0.0,0,0,0,0,0,0,0
303,0.0,1.970376987713962,0.00985188493856981,0,1,0,0,0,0,0
304,0.0,0.0,0.0,0,1,0,0,0,0,0
305,0.0,0.0,0.0,0,0,0,0,0,0,0
306,20.92818553546749,10.963179764007691,0.15945682649737591,1,1,0,1,1,0,0
307,0.0,0.0,0.0,0,1,0,0,0,0,0
308,0.0,0.0,0.0,0,0,0,0,0,0,0
309,0.0,0.0,0.0,0,0,0,0,0,0,0
310,20.84027889312665,0.0,0.10420139446563326,1,0,0,0,0,0,0
311,0.0,0.0,0.0,0,0,0,0,0,0,0
312,0.0,0.0,0.0,0,0,0,1,0,0,0
313,0.0,19.725991838458867,0.09862995919229434,0,1,0,0,1,0,0
314,0.0,0.0,0.0,0,0,0,0,0,0,0
315,0.0,0.0,0.0,0,0,0,0,1,0,0
316,20.193685168493403,20.18339000804872,0.2018853758827106,1,1,0,0,0,0,0
317,0.0,0.0,0.0,0,0,0,0,0,0,0
318,0.0,0.0,0.0,0,0,0,1,0,0,0
319,7.854571585340864,20.472941815370405,0.14163756700355634,1,1,0,0,0,0,0
320,0.0,0.0,0.0,1,0,0,0,0,0,0
321,0.0,0.0,0.0,0,0,0,0,0,0,0
322,0.0,20.6794055831665,0.1033970279158325,0,1,0,0,1,0,0
323,0.0,0.0,0.0,0,0,0,0,0,0,0
324,0.0,0.0,0.0,0,0,0,1,0,0,0
325,0.0,20.64711131976651,0.10323555659883255,0,1,0,0,0,0,0
326,0.0,0.0,0.0,0,0,0,0,0,0,0
327,0.0,0.0,0.0,0,0,1,0,0,0,0
328,0.0,0.0,0.0,0,0,0,0,0,0,0
329,0.0,0.0,0.0,0,0,0,0,0,0,0
330,0.0,0.0,0.0,0,0,0,1,0,0,0
331,0.0,0.0,0.0,0,0,0,0,0,0,0
332,0.0,0.0,0.0,0,0,0,0,0,0,0
333,0.0,0.0,0.0,0,0,0,0,0,0,0
334,0.0,0.0,0.0,0,0,0,0,0,0,0
335,0.0,0.0,0.0,0,0,0,0,1,0,0
336,0.0,0.0,0.0,0,0,0,1,0,0,0
337,0.0,0.0,0.0,0,0,0,0,0,0,0
338,0.0,0.0,0.0,0,0,0,0,0,0,0
339,0.0,0.0,0.0,0,0,0,0,0,0,0
340,0.0,0.0,0.0,0,0,0,0,0,0,0
341,0.0,0.0,0.0,0,0,0,0,0,0,0
342,0.0,0.0,0.0,0,0,0,1,0,0,0
343,0.0,0.0,0.0,0,0,0,0,0,0,0
344,0.0,0.0,0.0,0,0,0,0,1,0,0
345,0.0,0.0,0.0,0,0,0,0,1,0,0
346,0.0,0.0,0.0,0,0,0,0,0,0,0
347,0.0,0.0,0.0,0,0,0,0,0,0,0
348,22.4862019625391,0.0,0.11243100981269549,1,0,0,1,0,0,0
349,0.0,0.0,0.0,0,0,0,0,0,0,0
350,0.0,0.0,0.0,0,0,0,0,0,0,0
351,0.0,0.0,0.0,0,0,0,0,0,0,0
352,0.0,0.0,0.0,0,0,0,0,0,0,0
353,0.0,0.0,0.0,0,0,0,0,0,0,0
354,0.0,0.0,0.0,0,0,0,1,0,0,0
355,0.0,0.0,0.0,0,0,0,0,0,0,0
356,0.0,0.0,0.0,0,0,0,0,0,0,0
357,0.0,0.0,0.0,0,0,0,0,0,0,0
358,0.0,0.0,0.0,0,0,0,0,0,0,0
359,0.0,0.0,0.0,0,0,0,0,1,0,0
360,0.0,0.0,0.0,0,0,0,2,0,0,0
361,0.0,0.0,0.0,0,0,0,0,0,0,0
362,0.0,0.0,0.0,0,0,0,0,0,0,0
363,0.0,0.0,0.0,0,0,0,0,0,0,0
364,0.0,0.0,0.0,0,0,0,0,0,0,0
365,0.0,0.0,0.0,0,0,0,0,0,0,0
366,0.0,0.0,0.0,0,0,0,1,0,0,0
367,0.0,0.0,0.0,0,0,0,0,0,0,0
368,0.0,0.0,0.0,0,0,0,0,0,0,0
369,0.0,17.424701957565958,0.08712350978782979,0,1,0,0,0,0,0
370,0.0,0.0,0.0,0,1,0,0,0,0,0
371,0.0,0.0,0.0,0,0,0,0,0,0,0
372,4.181832549784303,0.0,0.020909162748921517,1,0,0,1,0,0,0
373,0.0,0.0,0.0,1,0,0,0,0,0,0
374,0.0,0.0,0.0,0,0,0,0,0,0,0
375,0.0,0.0,0.0,0,0,0,0,0,0,0
376,0.0,0.0,0.0,0,0,0,0,0,0,0
377,0.0,0.0,0.0,0,0,0,0,1,0,0
378,0.0,0.0,0.0,0,0,0,1,1,0,0
379,0.0,0.0,0.0,0,0,0,0,0,0,0
380,0.0,0.0,0.0,0,0,0,0,0,0,0
381,0.0,0.0,0.0,0,0,0,0,0,0,0
382,0.0,0.0,0.0,0,0,0,0,0,0,0
383,0.0,0.0,0.0,0,0,0,0,0,0,0
384,0.0,0.0,0.0,0,0,0,1,0,0,0
385,0.0,0.0,0.0,0,0,0,0,0,0,0
386,0.0,0.0,0.0,0,0,0,0,0,0,0
387,0.0,0.0,0.0,0,0,0,0,0,0,0
388,0.0,0.0,0.0,0,0,0,0,0,0,0
389,0.0,0.0,0.0,0,0,0,0,0,0,0
390,0.0,0.0,0.0,0,0,0,1,0,0,0
391,0.0,0.0,0.0,0,0,0,0,0,0,0
392,0.0,0.0,0.0,0,0,0,0,0,0,0
393,0.0,0.0,0.0,0,0,0,0,1,0,0
394,0.0,0.0,0.0,0,0,0,0,0,0,0
395,0.0,0.0,0.0,0,0,0,0,0,0,0
396,0.0,0.0,0.0,0,0,0,1,0,0,0
397,0.0,0.0,0.0,0,0,0,0,0,0,0
398,0.0,0.0,0.0,0,0,0,0,0,0,0
399,0.0,0.0,0.0,0,0,0,0,0,0,0
400,0.0,0.0,0.0,0,0,0,0,0,0,0
401,0.0,0.0,0.0,0,0,1,0,0,0,0
402,0.0,0.0,0.0,0,0,0,1,0,0,0
403,0.0,0.0,0.0,0,0,0,0,0,0,0
404,0.0,0.0,0.0,0,0,0,0,0,0,0
405,0.0,0.0,0.0,0,0,0,0,0,0,0
406,0.0,0.0,0.0,0,0,0,0,0,0,0
407,0.0,0.0,0.0,0,0,0,0,0,0,0
408,0.0,0.0,0.0,0,0,0,1,0,0,0
409,0.0,0.0,0.0,0,0,0,0,0,0,0
410,0.0,0.0,0.0,0,0,0,0,0,0,0
411,0.0,21.686988842026267,0.10843494421013133,0,1,0,0,0,0,0
412,0.0,0.0,0.0,0,0,0,0,0,0,0
413,0.0,0.0,0.0,0,0,0,0,0,0,0
414,21.686859102538847,21.687165855752255,0.2168701247914555,1,1,0,1,0,0,0
415,0.0,0.0,0.0,0,0,0,0,0,0,0
416,0.0,0.0,0.0,0,0,0,0,1,0,0
417,21.68730372940786,0.0,0.10843651864703929,1,0,0,0,0,0,0
418,0.0,21.687627043775137,0.10843813521887569,0,1,0,0,0,0,0
419,0.0,0.0,0.0,0,0,0,0,0,0,0
420,0.0,0.0,0.0,0,0,0,2,0,0,0
421,0.0,21.687874542595864,0.10843937271297932,0,1,0,0,0,0,0
422,0.0,0.0,0.0,0,0,0,0,0,0,0
423,21.687797429689226,2.331240860428352,0.12009519145058789,1,1,0,0,0,0,0
424,0.0,0.0,0.0,0,1,0,0,0,0,0
425,0.0,0.0,0.0,0,0,0,0,1,0,0
426,0.0,16.826782506916516,0.08413391253458258,0,1,0,1,0,0,0
427,0.0,0.0,0.0,0,1,0,0,0,0,0
428,21.274141158227167,0.0,0.10637070579113583,1,0,0,0,0,0,0
429,0.0,16.218721789323354,0.08109360894661677,0,1,0,0,0,0,0
430,0.0,0.0,0.0,0,1,0,0,0,0,0
431,0.0,0.0,0.0,0,0,0,0,0,0,0
432,8.063245963137433,21.199894311666867,0.1463157013740215,1,1,0,1,1,0,0
433,0.0,0.0,0.0,1,1,0,0,0,0,0
434,0.0,0.0,0.0,0,0,0,0,0,0,0
435,0.0,21.763633467747923,0.10881816733873961,0,1,0,0,0,0,0
436,0.0,0.0,0.0,0,0,0,0,0,0,0
437,0.0,0.0,0.0,0,0,0,0,0,0,0
438,0.0,21.381097173332364,0.10690548586666182,0,1,0,1,0,0,0
439,0.0,0.0,0.0,0,0,0,0,0,0,0
440,0.0,0.0,0.0,0,0,0,0,0,0,0
441,0.0,0.0,0.0,0,0,0,0,1,0,0
442,19.797746054751997,18.80443219498602,0.1930108912486901,1,1,0,0,0,0,0
443,0.0,0.0,0.0,0,0,0,0,0,0,0
444,0.0,0.0,0.0,0,0,0,1,1,0,0
445,0.0,0.0,0.0,0,0,0,0,0,0,0
446,0.0,0.0,0.0,0,0,1,0,0,0,0
447,0.0,0.0,0.0,0,0,0,0,0,0,0
448,0.0,16.287315692329685,0.08143657846164842,0,1,0,0,2,0,0
449,0.0,0.0,0.0,0,0,0,0,0,0,0
450,0.0,0.0,0.0,0,0,0,1,0,0,0
451,0.0,0.0,0.0,0,0,0,0,1,0,0
452,0.0,0.0,0.0,0,0,0,0,1,0,0
453,0.0,0.0,0.0,0,0,0,0,0,0,0
454,0.0,0.0,0.0,0,0,0,0,0,0,0
455,0.0,0.0,0.0,0,0,0,0,1,0,0
456,0.0,0.0,0.0,0,0,0,1,0,0,0
457,0.0,0.0,0.0,0,0,0,0,1,0,0
458,0.0,0.0,0.0,0,0,0,0,0,0,0
459,0.0,0.0,0.0,0,0,0,0,0,0,0
460,0.0,0.0,0.0,0,0,0,0,1,0,0
461,0.0,0.0,0.0,0,0,0,0,1,0,0
462,0.0,0.0,0.0,0,0,0,1,0,0,0
463,21.907203181785917,0.0,0.10953601590892958,1,0,0,0,0,0,0
464,0.0,0.0,0.0,0,0,0,0,2,0,0
465,0.0,0.0,0.0,0,0,0,0,0,0,0
466,0.0,0.0,0.0,0,0,0,0,0,0,0
467,0.0,0.0,0.0,0,0,0,0,1,0,0
468,0.0,9.914468245682428,0.04957234122841214,0,1,0,1,0,0,0
469,0.0,0.0,0.0,0,1,0,0,0,0,0
470,0.0,0.0,0.0,0,0,0,0,1,0,0
471,0.0,0.0,0.0,0,0,0,0,0,0,0
472,0.0,0.0,0.0,0,0,0,0,0,0,0
473,0.0,0.0,0.0,0,0,0,0,0,0,0
474,0.0,0.0,0.0,0,0,0,1,0,0,0
475,0.0,0.0,0.0,0,0,0,0,0,0,0
476,21.25400839505005,0.0,0.10627004197525025,1,0,0,0,0,0,0
477,0.0,0.0,0.0,0,0,0,0,0,0,0
478,0.0,0.0,0.0,0,0,0,0,0,0,0
479,0.0,0.0,0.0,0,0,0,0,0,0,0
480,21.106328185345546,14.318958439747576,0.1771264331254656,1,1,0,2,0,0,0
481,0.0,0.0,0.0,0,0,0,0,0,0,0
482,0.0,0.0,0.0,0,0,0,0,0,0,0
483,0.0,0.0,0.0,0,0,0,0,0,0,0
484,0.0,0.0,0.0,0,0,0,0,0,0,0
485,0.0,0.0,0.0,0,0,0,0,0,0,0
486,0.0,0.0,0.0,0,0,0,1,0,0,0
487,0.0,0.0,0.0,0,0,0,0,0,0,0
488,18.034395800532366,0.0,0.09017197900266183,1,0,0,0,0,0,0
489,0.0,0.0,0.0,0,0,0,0,0,0,0
490,0.0,0.0,0.0,0,0,0,0,1,0,0
491,0.0,0.0,0.0,0,0,0,0,0,0,0
492,17.27839166396734,0.0,0.0863919583198367,1,0,0,1,0,0,0
493,0.0,14.75768505807764,0.0737884252903882,0,1,0,0,0,0,0
494,0.0,0.0,0.0,0,0,0,0,0,0,0
495,0.0,0.0,0.0,0,0,0,0,0,0,0
496,0.0,0.0,0.0,0,0,0,0,0,0,0
497,0.0,0.0,0.0,0,0,0,0,0,0,0
498,0.0,0.0,0.0,0,0,0,1,0,0,0
499,15.235320423369103,0.0,0.07617660211684552,1,0,0,0,0,0,0
500,0.0,0.0,0.0,0,0,0,0,0,0,0
501,0.0,0.0,0.0,0,0,0,0,0,0,0
502,0.0,0.0,0.0,0,0,0,0,0,0,0
503,0.0,0.0,0.0,0,0,0,0,0,0,0
504,0.0,0.0,0.0,0,0,0,1,0,0,0
505,0.0,0.0,0.0,0,0,0,0,0,0,0
506,0.0,0.0,0.0,0,0,0,0,0,0,0
507,0.0,0.0,0.0,0,0,0,0,1,0,0
508,0.0,0.0,0.0,0,0,0,0,0,0,0
509,0.0,0.0,0.0,0,0,0,0,0,0,0
510,0.0,0.0,0.0,0,0,0,1,0,0,0
511,0.0,0.0,0.0,0,0,0,0,0,0,0
512,0.0,0.0,0.0,0,0,0,0,0,0,0
513,0.0,0.0,0.0,0,0,0,0,0,0,0
514,0.0,0.0,0.0,0,0,0,0,0,0,0
515,0.0,0.0,0.0,0,0,0,0,0,0,0
516,0.0,0.0,0.0,0,0,0,1,0,0,0
517,0.0,0.0,0.0,0,0,0,0,0,0,0
518,0.0,0.0,0.0,0,0,0,0,0,0,0
519,0.0,0.0,0.0,0,0,0,0,0,0,0
520,22.23138503836708,0.0,0.1111569251918354,1,0,0,0,0,0,0
521,0.0,0.0,0.0,0,0,0,0,0,0,0
522,0.0,0.0,0.0,0,0,0,1,0,0,0
523,0.0,0.0,0.0,0,0,0,0,0,0,0
524,0.0,0.0,0.0,0,0,0,0,0,0,0
525,0.0,0.0,0.0,0,0,0,0,0,0,0
526,22.78820605177998,16.510284741787018,0.196492453967835,1,1,0,0,0,0,0
527,0.0,0.0,0.0,0,0,0,0,0,0,0
528,0.0,0.0,0.0,0,0,1,1,0,0,0
529,0.0,0.0,0.0,0,0,0,0,0,0,0
530,23.058760452056504,0.0,0.11529380226028252,1,0,0,0,0,0,0
531,0.0,0.0,0.0,0,0,0,0,0,0,0
532,0.0,16.220815011990908,0.08110407505995454,0,1,0,0,0,0,0
533,0.0,0.0,0.0,0,0,0,0,0,0,0
534,0.0,0.0,0.0,0,0,0,1,0,0,0
535,0.0,0.0,0.0,0,0,0,0,0,0,0
536,0.0,16.257248122292367,0.08128624061146184,0,1,0,0,0,0,0
537,0.0,0.0,0.0,0,0,0,0,0,0,0
538,0.0,0.0,0.0,0,0,0,0,0,0,0
539,0.0,0.0,0.0,0,0,0,0,0,0,0
540,0.0,0.0,0.0,0,0,0,2,0,0,0
541,16.230918850044418,0.0,0.08115459425022209,1,0,0,0,0,0,0
542,0.0,0.0,0.0,0,0,0,0,0,0,0
543,0.0,0.0,0.0,0,0,0,0,0,0,0
544,0.0,0.0,0.0,0,0,0,0,0,0,0
545,18.565677832475558,0.0,0.09282838916237779,1,0,0,0,0,0,0
546,0.0,0.0,0.0,0,0,0,1,1,0,0
547,0.0,0.0,0.0,0,0,0,0,0,0,0
548,0.0,0.0,0.0,0,0,0,0,0,0,0
549,0.0,15.023616506368853,0.07511808253184427,0,1,0,0,0,0,0
550,17.80029445224045,0.0,0.08900147226120225,1,0,0,0,0,0,0
551,0.0,0.0,0.0,0,0,0,0,1,0,0
552,0.0,0.0,0.0,0,0,0,1,0,0,0
553,0.0,0.0,0.0,0,0,0,0,0,0,0
554,0.0,0.0,0.0,0,0,0,0,0,0,0
555,0.0,0.0,0.0,0,0,0,0,0,0,0
556,0.0,0.0,0.0,0,0,0,0,0,0,0
557,0.0,0.0,0.0,0,0,0,0,0,0,0
558,0.0,0.0,0.0,0,0,0,1,0,0,0
559,0.0,0.0,0.0,0,0,0,0,0,0,0
560,16.781688771334302,0.0,0.08390844385667151,1,0,0,0,1,0,0
561,0.0,0.0,0.0,0,0,0,0,0,0,0
562,0.0,0.0,0.0,0,0,0,0,0,0,0
563,0.0,0.0,0.0,0,0,0,0,0,0,0
564,0.0,0.0,0.0,0,0,0,1,1,0,0
565,0.0,0.0,0.0,0,0,0,0,0,0,0
566,0.0,0.0,0.0,0,0,0,0,1,0,0
567,0.0,0.0,0.0,0,0,0,0,0,0,0
568,0.0,0.0,0.0,0,0,1,0,0,0,0
569,0.0,0.0,0.0,0,0,0,0,0,0,0
570,0.0,0.0,0.0,0,0,0,1,1,0,0
571,0.0,0.0,0.0,0,0,0,0,0,0,0
572,0.0,14.561018328868158,0.07280509164434079,0,1,0,0,0,0,0
573,0.0,0.0,0.0,0,0,0,0,1,0,0
574,0.0,0.0,0.0,0,0,0,0,0,0,0
575,0.0,0.0,0.0,0,0,0,0,1,0,0
576,0.0,0.0,0.0,0,0,0,1,0,0,0
577,16.762707456405224,0.0,0.08381353728202612,1,0,0,0,1,0,0
578,0.0,14.792695710025328,0.07396347855012664,0,1,0,0,0,0,0
579,0.0,0.0,0.0,0,0,0,0,1,0,0
580,0.0,0.0,0.0,0,0,0,0,0,0,0
581,0.0,0.0,0.0,0,0,0,0,1,0,0
582,0.0,0.0,0.0,0,0,0,1,0,0,0
583,0.0,0.0,0.0,0,0,0,0,1,0,0
584,0.0,0.0,0.0,0,0,0,0,0,0,0
585,0.0,14.907452849979563,0.07453726424989782,0,1,0,0,1,0,0
586,0.0,0.0,0.0,0,0,0,0,1,0,0
587,0.039320125517861015,0.0,0.00019660062758930508,1,0,0,0,0,0,0
588,0.0,0.0,0.0,1,0,0,1,0,0,0
589,0.0,0.0,0.0,0,0,0,0,1,0,0
590,0.0,0.0,0.0,0,0,0,0,1,0,0
591,0.0,0.0,0.0,0,0,0,0,0,0,0
592,0.0,0.0,0.0,0,0,0,0,0,0,0
593,0.0,0.0,0.0,0,0,0,0,2,0,0
594,0.0,0.0,0.0,0,0,0,1,0,0,0
595,0.0,0.0,0.0,0,0,0,0,0,0,0
596,0.0,0.0,0.0,0,0,0,0,0,0,0
597,0.0,0.0,0.0,0,0,0,0,1,0,0
598,0.0,0.0,0.0,0,0,0,0,0,0,0
599,0.0,0.0,0.0,0,0,0,0,1,0,0
