time_s,commanded_state,observed_state,requested_rate_vph,applied_rate_vph,green_s,red_s
0,GG,GG,915.4,915.4,22.885,7.114999999999998
1,GG,GG,915.4,915.4,22.885,7.114999999999998
2,GG,GG,915.4,915.4,22.885,7.114999999999998
3,GG,GG,915.4,915.4,22.885,7.114999999999998
4,GG,GG,915.4,915.4,22.885,7.114999999999998
5,GG,GG,915.4,915.4,22.885,7.114999999999998
6,GG,GG,915.4,915.4,22.885,7.114999999999998
7,GG,GG,915.4,915.4,22.885,7.114999999999998
8,GG,GG,915.4,915.4,22.885,7.114999999999998
9,GG,GG,915.4,915.4,22.885,7.114999999999998
10,GG,GG,915.4,915.4,22.885,7.114999999999998
11,GG,GG,915.4,915.4,22.885,7.114999999999998
12,GG,GG,915.4,915.4,22.885,7.114999999999998
13,GG,GG,915.4,915.4,22.885,7.114999999999998
14,GG,GG,915.4,915.4,22.885,7.114999999999998
15,GG,GG,915.4,915.4,22.885,7.114999999999998
16,GG,GG,915.4,915.4,22.885,7.114999999999998
17,GG,GG,915.4,915.4,22.885,7.114999999999998
18,GG,GG,915.4,915.4,22.885,7.114999999999998
19,GG,GG,915.4,915.4,22.885,7.114999999999998
20,GG,GG,915.4,915.4,22.885,7.114999999999998
21,GG,GG,915.4,915.4,22.885,7.114999999999998
22,GG,GG,915.4,915.4,22.885,7.114999999999998
23,rr,rr,915.4,915.4,22.885,7.114999999999998
24,rr,rr,915.4,915.4,22.885,7.114999999999998
25,rr,rr,915.4,915.4,22.885,7.114999999999998
26,rr,rr,915.4,915.4,22.885,7.114999999999998
27,rr,rr,915.4,915.4,22.885,7.114999999999998
28,rr,rr,915.4,915.4,22.885,7.114999999999998
29,rr,rr,915.4,915.4,22.885,7.114999999999998
30,GG,GG,930.8,930.8,23.27,6.73
31,GG,GG,930.8,930.8,23.27,6.73
32,GG,GG,930.8,930.8,23.27,6.73
33,GG,GG,930.8,930.8,23.27,6.73
34,GG,GG,930.8,930.8,23.27,6.73
35,GG,GG,930.8,930.8,23.27,6.73
36,GG,GG,930.8,930.8,23.27,6.73
37,GG,GG,930.8,930.8,23.27,6.73
38,GG,GG,930.8,930.8,23.27,6.73
39,GG,GG,930.8,930.8,23.27,6.73
40,GG,GG,930.8,930.8,23.27,6.73
41,GG,GG,930.8,930.8,23.27,6.73
42,GG,GG,930.8,930.8,23.27,6.73
43,GG,GG,930.8,930.8,23.27,6.73
44,GG,GG,930.8,930.8,23.27,6.73
45,GG,GG,930.8,930.8,23.27,6.73
46,GG,GG,930.8,930.8,23.27,6.73
47,GG,GG,930.8,930.8,23.27,6.73
48,GG,GG,930.8,930.8,23.27,6.73
49,GG,GG,930.8,930.8,23.27,6.73
50,GG,GG,930.8,930.8,23.27,6.73
51,GG,GG,930.8,930.8,23.27,6.73
52,GG,GG,930.8,930.8,23.27,6.73
53,GG,GG,930.8,930.8,23.27,6.73
54,rr,rr,930.8,930.8,23.27,6.73
55,rr,rr,930.8,930.8,23.27,6.73
56,rr,rr,930.8,930.8,23.27,6.73
57,rr,rr,930.8,930.8,23.27,6.73
58,rr,rr,930.8,930.8,23.27,6.73
59,rr,rr,930.8,930.8,23.27,6.73
60,GG,GG,946.1999999999999,946.1999999999999,23.654999999999998,6.345000000000002
61,GG,GG,946.1999999999999,946.1999999999999,23.654999999999998,6.345000000000002
62,GG,GG,946.1999999999999,946.1999999999999,23.654999999999998,6.345000000000002
63,GG,GG,946.1999999999999,946.1999999999999,23.654999999999998,6.345000000000002
64,GG,GG,946.1999999999999,946.1999999999999,23.654999999999998,6.345000000000002
65,GG,GG,946.1999999999999,946.1999999999999,23.654999999999998,6.345000000000002
66,GG,GG,946.1999999999999,946.1999999999999,23.654999999999998,6.345000000000002
67,GG,GG,946.1999999999999,946.1999999999999,23.654999999999998,6.345000000000002
68,GG,GG,946.1999999999999,946.1999999999999,23.654999999999998,6.345000000000002
69,GG,GG,946.1999999999999,946.1999999999999,23.654999999999998,6.345000000000002
70,GG,GG,946.1999999999999,946.1999999999999,23.654999999999998,6.345000000000002
71,GG,GG,946.1999999999999,946.1999999999999,23.654999999999998,6.345000000000002
72,GG,GG,946.1999999999999,946.1999999999999,23.654999999999998,6.345000000000002
73,GG,GG,946.1999999999999,946.1999999999999,23.654999999999998,6.345000000000002
74,GG,GG,946.1999999999999,946.1999999999999,23.654999999999998,6.345000000000002
75,GG,GG,946.1999999999999,946.1999999999999,23.654999999999998,6.345000000000002
76,GG,GG,946.1999999999999,946.1999999999999,23.654999999999998,6.345000000000002
77,GG,GG,946.1999999999999,946.1999999999999,23.654999999999998,6.345000000000002
78,GG,GG,946.1999999999999,946.1999999999999,23.654999999999998,6.345000000000002
79,GG,GG,946.1999999999999,946.1999999999999,23.654999999999998,6.345000000000002
80,GG,GG,946.1999999999999,946.1999999999999,23.654999999999998,6.345000000000002
81,GG,GG,946.1999999999999,946.1999999999999,23.654999999999998,6.345000000000002
82,GG,GG,946.1999999999999,946.1999999999999,23.654999999999998,6.345000000000002
83,GG,GG,946.1999999999999,946.1999999999999,23.654999999999998,6.345000000000002
84,rr,rr,946.1999999999999,946.1999999999999,23.654999999999998,6.345000000000002
85,rr,rr,946.1999999999999,946.1999999999999,23.654999999999998,6.345000000000002
86,rr,rr,946.1999999999999,946.1999999999999,23.654999999999998,6.345000000000002
87,rr,rr,946.1999999999999,946.1999999999999,23.654999999999998,6.345000000000002
88,rr,rr,946.1999999999999,946.1999999999999,23.654999999999998,6.345000000000002
89,rr,rr,946.1999999999999,946.1999999999999,23.654999999999998,6.345000000000002
90,GG,GG,961.5999999999999,961.5999999999999,24.039999999999996,5.960000000000004
91,GG,GG,961.5999999999999,961.5999999999999,24.039999999999996,5.960000000000004
92,GG,GG,961.5999999999999,961.5999999999999,24.039999999999996,5.960000000000004
93,GG,GG,961.5999999999999,961.5999999999999,24.039999999999996,5.960000000000004
94,GG,GG,961.5999999999999,961.5999999999999,24.039999999999996,5.960000000000004
95,GG,GG,961.5999999999999,961.5999999999999,24.039999999999996,5.960000000000004
96,GG,GG,961.5999999999999,961.5999999999999,24.039999999999996,5.960000000000004
97,GG,GG,961.5999999999999,961.5999999999999,24.039999999999996,5.960000000000004
98,GG,GG,961.5999999999999,961.5999999999999,24.039999999999996,5.960000000000004
99,GG,GG,961.5999999999999,961.5999999999999,24.039999999999996,5.960000000000004
100,GG,GG,961.5999999999999,961.5999999999999,24.039999999999996,5.960000000000004
101,GG,GG,961.5999999999999,961.5999999999999,24.039999999999996,5.960000000000004
102,GG,GG,961.5999999999999,961.5999999999999,24.039999999999996,5.960000000000004
103,GG,GG,961.5999999999999,961.5999999999999,24.039999999999996,5.960000000000004
104,GG,GG,961.5999999999999,961.5999999999999,24.039999999999996,5.960000000000004
105,GG,GG,961.5999999999999,961.5999999999999,24.039999999999996,5.960000000000004
106,GG,GG,961.5999999999999,961.5999999999999,24.039999999999996,5.960000000000004
107,GG,GG,961.5999999999999,961.5999999999999,24.039999999999996,5.960000000000004
108,GG,GG,961.5999999999999,961.5999999999999,24.039999999999996,5.960000000000004
109,GG,GG,961.5999999999999,961.5999999999999,24.039999999999996,5.960000000000004
110,GG,GG,961.5999999999999,961.5999999999999,24.039999999999996,5.960000000000004
111,GG,GG,961.5999999999999,961.5999999999999,24.039999999999996,5.960000000000004
112,GG,GG,961.5999999999999,961.5999999999999,24.039999999999996,5.960000000000004
113,GG,GG,961.5999999999999,961.5999999999999,24.039999999999996,5.960000000000004
114,GG,GG,961.5999999999999,961.5999999999999,24.039999999999996,5.960000000000004
115,rr,rr,961.5999999999999,961.5999999999999,24.039999999999996,5.960000000000004
116,rr,rr,961.5999999999999,961.5999999999999,24.039999999999996,5.960000000000004
117,rr,rr,961.5999999999999,961.5999999999999,24.039999999999996,5.960000000000004
118,rr,rr,961.5999999999999,961.5999999999999,24.039999999999996,5.960000000000004
119,rr,rr,961.5999999999999,961.5999999999999,24.039999999999996,5.960000000000004
120,GG,GG,976.9999999999999,976.9999999999999,24.424999999999997,5.575000000000003
121,GG,GG,976.9999999999999,976.9999999999999,24.424999999999997,5.575000000000003
122,GG,GG,976.9999999999999,976.9999999999999,24.424999999999997,5.575000000000003
123,GG,GG,976.9999999999999,976.9999999999999,24.424999999999997,5.575000000000003
124,GG,GG,976.9999999999999,976.9999999999999,24.424999999999997,5.575000000000003
125,GG,GG,976.9999999999999,976.9999999999999,24.424999999999997,5.575000000000003
126,GG,GG,976.9999999999999,976.9999999999999,24.424999999999997,5.575000000000003
127,GG,GG,976.9999999999999,976.9999999999999,24.424999999999997,5.575000000000003
128,GG,GG,976.9999999999999,976.9999999999999,24.424999999999997,5.575000000000003
129,GG,GG,976.9999999999999,976.9999999999999,24.424999999999997,5.575000000000003
130,GG,GG,976.9999999999999,976.9999999999999,24.424999999999997,5.575000000000003
131,GG,GG,976.9999999999999,976.9999999999999,24.424999999999997,5.575000000000003
132,GG,GG,976.9999999999999,976.9999999999999,24.424999999999997,5.575000000000003
133,GG,GG,976.9999999999999,976.9999999999999,24.424999999999997,5.575000000000003
134,GG,GG,976.9999999999999,976.9999999999999,24.424999999999997,5.575000000000003
135,GG,GG,976.9999999999999,976.9999999999999,24.424999999999997,5.575000000000003
136,GG,GG,976.9999999999999,976.9999999999999,24.424999999999997,5.575000000000003
137,GG,GG,976.9999999999999,976.9999999999999,24.424999999999997,5.575000000000003
138,GG,GG,976.9999999999999,976.9999999999999,24.424999999999997,5.575000000000003
139,GG,GG,976.9999999999999,976.9999999999999,24.424999999999997,5.575000000000003
140,GG,GG,976.9999999999999,976.9999999999999,24.424999999999997,5.575000000000003
141,GG,GG,976.9999999999999,976.9999999999999,24.424999999999997,5.575000000000003
142,GG,GG,976.9999999999999,976.9999999999999,24.424999999999997,5.575000000000003
143,GG,GG,976.9999999999999,976.9999999999999,24.424999999999997,5.575000000000003
144,GG,GG,976.9999999999999,976.9999999999999,24.424999999999997,5.575000000000003
145,rr,rr,976.9999999999999,976.9999999999999,24.424999999999997,5.575000000000003
146,rr,rr,976.9999999999999,976.9999999999999,24.424999999999997,5.575000000000003
147,rr,rr,976.9999999999999,976.9999999999999,24.424999999999997,5.575000000000003
148,rr,rr,976.9999999999999,976.9999999999999,24.424999999999997,5.575000000000003
149,rr,rr,976.9999999999999,976.9999999999999,24.424999999999997,5.575000000000003
150,GG,GG,992.3999999999999,992.3999999999999,24.81,5.190000000000001
151,GG,GG,992.3999999999999,992.3999999999999,24.81,5.190000000000001
152,GG,GG,992.3999999999999,992.3999999999999,24.81,5.190000000000001
153,GG,GG,992.3999999999999,992.3999999999999,24.81,5.190000000000001
154,GG,GG,992.3999999999999,992.3999999999999,24.81,5.190000000000001
155,GG,GG,992.3999999999999,992.3999999999999,24.81,5.190000000000001
156,GG,GG,992.3999999999999,992.3999999999999,24.81,5.190000000000001
157,GG,GG,992.3999999999999,992.3999999999999,24.81,5.190000000000001
158,GG,GG,992.3999999999999,992.3999999999999,24.81,5.190000000000001
159,GG,GG,992.3999999999999,992.3999999999999,24.81,5.190000000000001
160,GG,GG,992.3999999999999,992.3999999999999,24.81,5.190000000000001
161,GG,GG,992.3999999999999,992.3999999999999,24.81,5.190000000000001
162,GG,GG,992.3999999999999,992.3999999999999,24.81,5.190000000000001
163,GG,GG,992.3999999999999,992.3999999999999,24.81,5.190000000000001
164,GG,GG,992.3999999999999,992.3999999999999,24.81,5.190000000000001
165,GG,GG,992.3999999999999,992.3999999999999,24.81,5.190000000000001
166,GG,GG,992.3999999999999,992.3999999999999,24.81,5.190000000000001
167,GG,GG,992.3999999999999,992.3999999999999,24.81,5.190000000000001
168,GG,GG,992.3999999999999,992.3999999999999,24.81,5.190000000000001
169,GG,GG,992.3999999999999,992.3999999999999,24.81,5.190000000000001
170,GG,GG,992.3999999999999,992.3999999999999,24.81,5.190000000000001
171,GG,GG,992.3999999999999,992.3999999999999,24.81,5.190000000000001
172,GG,GG,992.3999999999999,992.3999999999999,24.81,5.190000000000001
173,GG,GG,992.3999999999999,992.3999999999999,24.81,5.190000000000001
174,GG,GG,992.3999999999999,992.3999999999999,24.81,5.190000000000001
175,rr,rr,992.3999999999999,992.3999999999999,24.81,5.190000000000001
176,rr,rr,992.3999999999999,992.3999999999999,24.81,5.190000000000001
177,rr,rr,992.3999999999999,992.3999999999999,24.81,5.190000000000001
178,rr,rr,992.3999999999999,992.3999999999999,24.81,5.190000000000001
179,rr,rr,992.3999999999999,992.3999999999999,24.81,5.190000000000001
180,GG,GG,1007.337204441082,1007.337204441082,25.18343011102705,4.81656988897295
181,GG,GG,1007.337204441082,1007.337204441082,25.18343011102705,4.81656988897295
182,GG,GG,1007.337204441082,1007.337204441082,25.18343011102705,4.81656988897295
183,GG,GG,1007.337204441082,1007.337204441082,25.18343011102705,4.81656988897295
184,GG,GG,1007.337204441082,1007.337204441082,25.18343011102705,4.81656988897295
185,GG,GG,1007.337204441082,1007.337204441082,25.18343011102705,4.81656988897295
186,GG,GG,1007.337204441082,1007.337204441082,25.18343011102705,4.81656988897295
187,GG,GG,1007.337204441082,1007.337204441082,25.18343011102705,4.81656988897295
188,GG,GG,1007.337204441082,1007.337204441082,25.18343011102705,4.81656988897295
189,GG,GG,1007.337204441082,1007.337204441082,25.18343011102705,4.81656988897295
190,GG,GG,1007.337204441082,1007.337204441082,25.18343011102705,4.81656988897295
191,GG,GG,1007.337204441082,1007.337204441082,25.18343011102705,4.81656988897295
192,GG,GG,1007.337204441082,1007.337204441082,25.18343011102705,4.81656988897295
193,GG,GG,1007.337204441082,1007.337204441082,25.18343011102705,4.81656988897295
194,GG,GG,1007.337204441082,1007.337204441082,25.18343011102705,4.81656988897295
195,GG,GG,1007.337204441082,1007.337204441082,25.18343011102705,4.81656988897295
196,GG,GG,1007.337204441082,1007.337204441082,25.18343011102705,4.81656988897295
197,GG,GG,1007.337204441082,1007.337204441082,25.18343011102705,4.81656988897295
198,GG,GG,1007.337204441082,1007.337204441082,25.18343011102705,4.81656988897295
199,GG,GG,1007.337204441082,1007.337204441082,25.18343011102705,4.81656988897295
200,GG,GG,1007.337204441082,1007.337204441082,25.18343011102705,4.81656988897295
201,GG,GG,1007.337204441082,1007.337204441082,25.18343011102705,4.81656988897295
202,GG,GG,1007.337204441082,1007.337204441082,25.18343011102705,4.81656988897295
203,GG,GG,1007.337204441082,1007.337204441082,25.18343011102705,4.81656988897295
204,GG,GG,1007.337204441082,1007.337204441082,25.18343011102705,4.81656988897295
205,GG,GG,1007.337204441082,1007.337204441082,25.18343011102705,4.81656988897295
206,rr,rr,1007.337204441082,1007.337204441082,25.18343011102705,4.81656988897295
207,rr,rr,1007.337204441082,1007.337204441082,25.18343011102705,4.81656988897295
208,rr,rr,1007.337204441082,1007.337204441082,25.18343011102705,4.81656988897295
209,rr,rr,1007.337204441082,1007.337204441082,25.18343011102705,4.81656988897295
210,GG,GG,1022.737204441082,1022.737204441082,25.568430111027048,4.431569888972952
211,GG,GG,1022.737204441082,1022.737204441082,25.568430111027048,4.431569888972952
212,GG,GG,1022.737204441082,1022.737204441082,25.568430111027048,4.431569888972952
213,GG,GG,1022.737204441082,1022.737204441082,25.568430111027048,4.431569888972952
214,GG,GG,1022.737204441082,1022.737204441082,25.568430111027048,4.431569888972952
215,GG,GG,1022.737204441082,1022.737204441082,25.568430111027048,4.431569888972952
216,GG,GG,1022.737204441082,1022.737204441082,25.568430111027048,4.431569888972952
217,GG,GG,1022.737204441082,1022.737204441082,25.568430111027048,4.431569888972952
218,GG,GG,1022.737204441082,1022.737204441082,25.568430111027048,4.431569888972952
219,GG,GG,1022.737204441082,1022.737204441082,25.568430111027048,4.431569888972952
220,GG,GG,1022.737204441082,1022.737204441082,25.568430111027048,4.431569888972952
221,GG,GG,1022.737204441082,1022.737204441082,25.568430111027048,4.431569888972952
222,GG,GG,1022.737204441082,1022.737204441082,25.568430111027048,4.431569888972952
223,GG,GG,1022.737204441082,1022.737204441082,25.568430111027048,4.431569888972952
224,GG,GG,1022.737204441082,1022.737204441082,25.568430111027048,4.431569888972952
225,GG,GG,1022.737204441082,1022.737204441082,25.568430111027048,4.431569888972952
226,GG,GG,1022.737204441082,1022.737204441082,25.568430111027048,4.431569888972952
227,GG,GG,1022.737204441082,1022.737204441082,25.568430111027048,4.431569888972952
228,GG,GG,1022.737204441082,1022.737204441082,25.568430111027048,4.431569888972952
229,GG,GG,1022.737204441082,1022.737204441082,25.568430111027048,4.431569888972952
230,GG,GG,1022.737204441082,1022.737204441082,25.568430111027048,4.431569888972952
231,GG,GG,1022.737204441082,1022.737204441082,25.568430111027048,4.431569888972952
232,GG,GG,1022.737204441082,1022.737204441082,25.568430111027048,4.431569888972952
233,GG,GG,1022.737204441082,1022.737204441082,25.568430111027048,4.431569888972952
234,GG,GG,1022.737204441082,1022.737204441082,25.568430111027048,4.431569888972952
235,GG,GG,1022.737204441082,1022.737204441082,25.568430111027048,4.431569888972952
236,rr,rr,1022.737204441082,1022.737204441082,25.568430111027048,4.431569888972952
237,rr,rr,1022.737204441082,1022.737204441082,25.568430111027048,4.431569888972952
238,rr,rr,1022.737204441082,1022.737204441082,25.568430111027048,4.431569888972952
239,rr,rr,1022.737204441082,1022.737204441082,25.568430111027048,4.431569888972952
240,GG,GG,1038.137204441082,1038.137204441082,25.953430111027053,4.046569888972947
241,GG,GG,1038.137204441082,1038.137204441082,25.953430111027053,4.046569888972947
242,GG,GG,1038.137204441082,1038.137204441082,25.953430111027053,4.046569888972947
243,GG,GG,1038.137204441082,1038.137204441082,25.953430111027053,4.046569888972947
244,GG,GG,1038.137204441082,1038.137204441082,25.953430111027053,4.046569888972947
245,GG,GG,1038.137204441082,1038.137204441082,25.953430111027053,4.046569888972947
246,GG,GG,1038.137204441082,1038.137204441082,25.953430111027053,4.046569888972947
247,GG,GG,1038.137204441082,1038.137204441082,25.953430111027053,4.046569888972947
248,GG,GG,1038.137204441082,1038.137204441082,25.953430111027053,4.046569888972947
249,GG,GG,1038.137204441082,1038.137204441082,25.953430111027053,4.046569888972947
250,GG,GG,1038.137204441082,1038.137204441082,25.953430111027053,4.046569888972947
251,GG,GG,1038.137204441082,1038.137204441082,25.953430111027053,4.046569888972947
252,GG,GG,1038.137204441082,1038.137204441082,25.953430111027053,4.046569888972947
253,GG,GG,1038.137204441082,1038.137204441082,25.953430111027053,4.046569888972947
254,GG,GG,1038.137204441082,1038.137204441082,25.953430111027053,4.046569888972947
255,GG,GG,1038.137204441082,1038.137204441082,25.953430111027053,4.046569888972947
256,GG,GG,1038.137204441082,1038.137204441082,25.953430111027053,4.046569888972947
257,GG,GG,1038.137204441082,1038.137204441082,25.953430111027053,4.046569888972947
258,GG,GG,1038.137204441082,1038.137204441082,25.953430111027053,4.046569888972947
259,GG,GG,1038.137204441082,1038.137204441082,25.953430111027053,4.046569888972947
260,GG,GG,1038.137204441082,1038.137204441082,25.953430111027053,4.046569888972947
261,GG,GG,1038.137204441082,1038.137204441082,25.953430111027053,4.046569888972947
262,GG,GG,1038.137204441082,1038.137204441082,25.953430111027053,4.046569888972947
263,GG,GG,1038.137204441082,1038.137204441082,25.953430111027053,4.046569888972947
264,GG,GG,1038.137204441082,1038.137204441082,25.953430111027053,4.046569888972947
265,GG,GG,1038.137204441082,1038.137204441082,25.953430111027053,4.046569888972947
266,rr,rr,1038.137204441082,1038.137204441082,25.953430111027053,4.046569888972947
267,rr,rr,1038.137204441082,1038.137204441082,25.953430111027053,4.046569888972947
268,rr,rr,1038.137204441082,1038.137204441082,25.953430111027053,4.046569888972947
269,rr,rr,1038.137204441082,1038.137204441082,25.953430111027053,4.046569888972947
270,GG,GG,1053.5372044410822,1053.5372044410822,26.338430111027055,3.661569888972945
271,GG,GG,1053.5372044410822,1053.5372044410822,26.338430111027055,3.661569888972945
272,GG,GG,1053.5372044410822,1053.5372044410822,26.338430111027055,3.661569888972945
273,GG,GG,1053.5372044410822,1053.5372044410822,26.338430111027055,3.661569888972945
274,GG,GG,1053.5372044410822,1053.5372044410822,26.338430111027055,3.661569888972945
275,GG,GG,1053.5372044410822,1053.5372044410822,26.338430111027055,3.661569888972945
276,GG,GG,1053.5372044410822,1053.5372044410822,26.338430111027055,3.661569888972945
277,GG,GG,1053.5372044410822,1053.5372044410822,26.338430111027055,3.661569888972945
278,GG,GG,1053.5372044410822,1053.5372044410822,26.338430111027055,3.661569888972945
279,GG,GG,1053.5372044410822,1053.5372044410822,26.338430111027055,3.661569888972945
280,GG,GG,1053.5372044410822,1053.5372044410822,26.338430111027055,3.661569888972945
281,GG,GG,1053.5372044410822,1053.5372044410822,26.338430111027055,3.661569888972945
282,GG,GG,1053.5372044410822,1053.5372044410822,26.338430111027055,3.661569888972945
283,GG,GG,1053.5372044410822,1053.5372044410822,26.338430111027055,3.661569888972945
284,GG,GG,1053.5372044410822,1053.5372044410822,26.338430111027055,3.661569888972945
285,GG,GG,1053.5372044410822,1053.5372044410822,26.338430111027055,3.661569888972945
286,GG,GG,1053.5372044410822,1053.5372044410822,26.338430111027055,3.661569888972945
287,GG,GG,1053.5372044410822,1053.5372044410822,26.338430111027055,3.661569888972945
288,GG,GG,1053.5372044410822,1053.5372044410822,26.338430111027055,3.661569888972945
289,GG,GG,1053.5372044410822,1053.5372044410822,26.338430111027055,3.661569888972945
290,GG,GG,1053.5372044410822,1053.5372044410822,26.338430111027055,3.661569888972945
291,GG,GG,1053.5372044410822,1053.5372044410822,26.338430111027055,3.661569888972945
292,GG,GG,1053.5372044410822,1053.5372044410822,26.338430111027055,3.661569888972945
293,GG,GG,1053.5372044410822,1053.5372044410822,26.338430111027055,3.661569888972945
294,GG,GG,1053.5372044410822,1053.5372044410822,26.338430111027055,3.661569888972945
295,GG,GG,1053.5372044410822,1053.5372044410822,26.338430111027055,3.661569888972945
296,GG,GG,1053.5372044410822,1053.5372044410822,26.338430111027055,3.661569888972945
297,rr,rr,1053.5372044410822,1053.5372044410822,26.338430111027055,3.661569888972945
298,rr,rr,1053.5372044410822,1053.5372044410822,26.338430111027055,3.661569888972945
299,rr,rr,1053.5372044410822,1053.5372044410822,26.338430111027055,3.661569888972945
300,GG,GG,1068.9372044410823,1068.9372044410823,26.723430111027056,3.2765698889729435
301,GG,GG,1068.9372044410823,1068.9372044410823,26.723430111027056,3.2765698889729435
302,GG,GG,1068.9372044410823,1068.9372044410823,26.723430111027056,3.2765698889729435
303,GG,GG,1068.9372044410823,1068.9372044410823,26.723430111027056,3.2765698889729435
304,GG,GG,1068.9372044410823,1068.9372044410823,26.723430111027056,3.2765698889729435
305,GG,GG,1068.9372044410823,1068.9372044410823,26.723430111027056,3.2765698889729435
306,GG,GG,1068.9372044410823,1068.9372044410823,26.723430111027056,3.2765698889729435
307,GG,GG,1068.9372044410823,1068.9372044410823,26.723430111027056,3.2765698889729435
308,GG,GG,1068.9372044410823,1068.9372044410823,26.723430111027056,3.2765698889729435
309,GG,GG,1068.9372044410823,1068.9372044410823,26.723430111027056,3.2765698889729435
310,GG,GG,1068.9372044410823,1068.9372044410823,26.723430111027056,3.2765698889729435
311,GG,GG,1068.9372044410823,1068.9372044410823,26.723430111027056,3.2765698889729435
312,GG,GG,1068.9372044410823,1068.9372044410823,26.723430111027056,3.2765698889729435
313,GG,GG,1068.9372044410823,1068.9372044410823,26.723430111027056,3.2765698889729435
314,GG,GG,1068.9372044410823,1068.9372044410823,26.723430111027056,3.2765698889729435
315,GG,GG,1068.9372044410823,1068.9372044410823,26.723430111027056,3.2765698889729435
316,GG,GG,1068.9372044410823,1068.9372044410823,26.723430111027056,3.2765698889729435
317,GG,GG,1068.9372044410823,1068.9372044410823,26.723430111027056,3.2765698889729435
318,GG,GG,1068.9372044410823,1068.9372044410823,26.723430111027056,3.2765698889729435
319,GG,GG,1068.9372044410823,1068.9372044410823,26.723430111027056,3.2765698889729435
320,GG,GG,1068.9372044410823,1068.9372044410823,26.723430111027056,3.2765698889729435
321,GG,GG,1068.9372044410823,1068.9372044410823,26.723430111027056,3.2765698889729435
322,GG,GG,1068.9372044410823,1068.9372044410823,26.723430111027056,3.2765698889729435
323,GG,GG,1068.9372044410823,1068.9372044410823,26.723430111027056,3.2765698889729435
324,GG,GG,1068.9372044410823,1068.9372044410823,26.723430111027056,3.2765698889729435
325,GG,GG,1068.9372044410823,1068.9372044410823,26.723430111027056,3.2765698889729435
326,GG,GG,1068.9372044410823,1068.9372044410823,26.723430111027056,3.2765698889729435
327,rr,rr,1068.9372044410823,1068.9372044410823,26.723430111027056,3.2765698889729435
328,rr,rr,1068.9372044410823,1068.9372044410823,26.723430111027056,3.2765698889729435
329,rr,rr,1068.9372044410823,1068.9372044410823,26.723430111027056,3.2765698889729435
330,GG,GG,1084.3372044410823,1084.3372044410823,27.108430111027058,2.891569888972942
331,GG,GG,1084.3372044410823,1084.3372044410823,27.108430111027058,2.891569888972942
332,GG,GG,1084.3372044410823,1084.3372044410823,27.108430111027058,2.891569888972942
333,GG,GG,1084.3372044410823,1084.3372044410823,27.108430111027058,2.891569888972942
334,GG,GG,1084.3372044410823,1084.3372044410823,27.108430111027058,2.891569888972942
335,GG,GG,1084.3372044410823,1084.3372044410823,27.108430111027058,2.891569888972942
336,GG,GG,1084.3372044410823,1084.3372044410823,27.108430111027058,2.891569888972942
337,GG,GG,1084.3372044410823,1084.3372044410823,27.108430111027058,2.891569888972942
338,GG,GG,1084.3372044410823,1084.3372044410823,27.108430111027058,2.891569888972942
339,GG,GG,1084.3372044410823,1084.3372044410823,27.108430111027058,2.891569888972942
340,GG,GG,1084.3372044410823,1084.3372044410823,27.108430111027058,2.891569888972942
341,GG,GG,1084.3372044410823,1084.3372044410823,27.108430111027058,2.891569888972942
342,GG,GG,1084.3372044410823,1084.3372044410823,27.108430111027058,2.891569888972942
343,GG,GG,1084.3372044410823,1084.3372044410823,27.108430111027058,2.891569888972942
344,GG,GG,1084.3372044410823,1084.3372044410823,27.108430111027058,2.891569888972942
345,GG,GG,1084.3372044410823,1084.3372044410823,27.108430111027058,2.891569888972942
346,GG,GG,1084.3372044410823,1084.3372044410823,27.108430111027058,2.891569888972942
347,GG,GG,1084.3372044410823,1084.3372044410823,27.108430111027058,2.891569888972942
348,GG,GG,1084.3372044410823,1084.3372044410823,27.108430111027058,2.891569888972942
349,GG,GG,1084.3372044410823,1084.3372044410823,27.108430111027058,2.891569888972942
350,GG,GG,1084.3372044410823,1084.3372044410823,27.108430111027058,2.891569888972942
351,GG,GG,1084.3372044410823,1084.3372044410823,27.108430111027058,2.891569888972942
352,GG,GG,1084.3372044410823,1084.3372044410823,27.108430111027058,2.891569888972942
353,GG,GG,1084.3372044410823,1084.3372044410823,27.108430111027058,2.891569888972942
354,GG,GG,1084.3372044410823,1084.3372044410823,27.108430111027058,2.891569888972942
355,GG,GG,1084.3372044410823,1084.3372044410823,27.108430111027058,2.891569888972942
356,GG,GG,1084.3372044410823,1084.3372044410823,27.108430111027058,2.891569888972942
357,GG,GG,1084.3372044410823,1084.3372044410823,27.108430111027058,2.891569888972942
358,rr,rr,1084.3372044410823,1084.3372044410823,27.108430111027058,2.891569888972942
359,rr,rr,1084.3372044410823,1084.3372044410823,27.108430111027058,2.891569888972942
360,GG,GG,1099.7372044410824,1099.7372044410824,27.49343011102706,2.5065698889729404
361,GG,GG,1099.7372044410824,1099.7372044410824,27.49343011102706,2.5065698889729404
362,GG,GG,1099.7372044410824,1099.7372044410824,27.49343011102706,2.5065698889729404
363,GG,GG,1099.7372044410824,1099.7372044410824,27.49343011102706,2.5065698889729404
364,GG,GG,1099.7372044410824,1099.7372044410824,27.49343011102706,2.5065698889729404
365,GG,GG,1099.7372044410824,1099.7372044410824,27.49343011102706,2.5065698889729404
366,GG,GG,1099.7372044410824,1099.7372044410824,27.49343011102706,2.5065698889729404
367,GG,GG,1099.7372044410824,1099.7372044410824,27.49343011102706,2.5065698889729404
368,GG,GG,1099.7372044410824,1099.7372044410824,27.49343011102706,2.5065698889729404
369,GG,GG,1099.7372044410824,1099.7372044410824,27.49343011102706,2.5065698889729404
370,GG,GG,1099.7372044410824,1099.7372044410824,27.49343011102706,2.5065698889729404
371,GG,GG,1099.7372044410824,1099.7372044410824,27.49343011102706,2.5065698889729404
372,GG,GG,1099.7372044410824,1099.7372044410824,27.49343011102706,2.5065698889729404
373,GG,GG,1099.7372044410824,1099.7372044410824,27.49343011102706,2.5065698889729404
374,GG,GG,1099.7372044410824,1099.7372044410824,27.49343011102706,2.5065698889729404
375,GG,GG,1099.7372044410824,1099.7372044410824,27.49343011102706,2.5065698889729404
376,GG,GG,1099.7372044410824,1099.7372044410824,27.49343011102706,2.5065698889729404
377,GG,GG,1099.7372044410824,1099.7372044410824,27.49343011102706,2.5065698889729404
378,GG,GG,1099.7372044410824,1099.7372044410824,27.49343011102706,2.5065698889729404
379,GG,GG,1099.7372044410824,1099.7372044410824,27.49343011102706,2.5065698889729404
380,GG,GG,1099.7372044410824,1099.7372044410824,27.49343011102706,2.5065698889729404
381,GG,GG,1099.7372044410824,1099.7372044410824,27.49343011102706,2.5065698889729404
382,GG,GG,1099.7372044410824,1099.7372044410824,27.49343011102706,2.5065698889729404
383,GG,GG,1099.7372044410824,1099.7372044410824,27.49343011102706,2.5065698889729404
384,GG,GG,1099.7372044410824,1099.7372044410824,27.49343011102706,2.5065698889729404
385,GG,GG,1099.7372044410824,1099.7372044410824,27.49343011102706,2.5065698889729404
386,GG,GG,1099.7372044410824,1099.7372044410824,27.49343011102706,2.5065698889729404
387,GG,GG,1099.7372044410824,1099.7372044410824,27.49343011102706,2.5065698889729404
388,rr,rr,1099.7372044410824,1099.7372044410824,27.49343011102706,2.5065698889729404
389,rr,rr,1099.7372044410824,1099.7372044410824,27.49343011102706,2.5065698889729404
390,GG,GG,1115.1372044410825,1115.1372044410825,27.878430111027065,2.1215698889729353
391,GG,GG,1115.1372044410825,1115.1372044410825,27.878430111027065,2.1215698889729353
392,GG,GG,1115.1372044410825,1115.1372044410825,27.878430111027065,2.1215698889729353
393,GG,GG,1115.1372044410825,1115.1372044410825,27.878430111027065,2.1215698889729353
394,GG,GG,1115.1372044410825,1115.1372044410825,27.878430111027065,2.1215698889729353
395,GG,GG,1115.1372044410825,1115.1372044410825,27.878430111027065,2.1215698889729353
396,GG,GG,1115.1372044410825,1115.1372044410825,27.878430111027065,2.1215698889729353
397,GG,GG,1115.1372044410825,1115.1372044410825,27.878430111027065,2.1215698889729353
398,GG,GG,1115.1372044410825,1115.1372044410825,27.878430111027065,2.1215698889729353
399,GG,GG,1115.1372044410825,1115.1372044410825,27.878430111027065,2.1215698889729353
400,GG,GG,1115.1372044410825,1115.1372044410825,27.878430111027065,2.1215698889729353
401,GG,GG,1115.1372044410825,1115.1372044410825,27.878430111027065,2.1215698889729353
402,GG,GG,1115.1372044410825,1115.1372044410825,27.878430111027065,2.1215698889729353
403,GG,GG,1115.1372044410825,1115.1372044410825,27.878430111027065,2.1215698889729353
404,GG,GG,1115.1372044410825,1115.1372044410825,27.878430111027065,2.1215698889729353
405,GG,GG,1115.1372044410825,1115.1372044410825,27.878430111027065,2.1215698889729353
406,GG,GG,1115.1372044410825,1115.1372044410825,27.878430111027065,2.1215698889729353
407,GG,GG,1115.1372044410825,1115.1372044410825,27.878430111027065,2.1215698889729353
408,GG,GG,1115.1372044410825,1115.1372044410825,27.878430111027065,2.1215698889729353
409,GG,GG,1115.1372044410825,1115.1372044410825,27.878430111027065,2.1215698889729353
410,GG,GG,1115.1372044410825,1115.1372044410825,27.878430111027065,2.1215698889729353
411,GG,GG,1115.1372044410825,1115.1372044410825,27.878430111027065,2.1215698889729353
412,GG,GG,1115.1372044410825,1115.1372044410825,27.878430111027065,2.1215698889729353
413,GG,GG,1115.1372044410825,1115.1372044410825,27.878430111027065,2.1215698889729353
414,GG,GG,1115.1372044410825,1115.1372044410825,27.878430111027065,2.1215698889729353
415,GG,GG,1115.1372044410825,1115.1372044410825,27.878430111027065,2.1215698889729353
416,GG,GG,1115.1372044410825,1115.1372044410825,27.878430111027065,2.1215698889729353
417,GG,GG,1115.1372044410825,1115.1372044410825,27.878430111027065,2.1215698889729353
418,rr,rr,1115.1372044410825,1115.1372044410825,27.878430111027065,2.1215698889729353
419,rr,rr,1115.1372044410825,1115.1372044410825,27.878430111027065,2.1215698889729353
420,GG,GG,1130.5372044410826,1130.5372044410826,28.263430111027063,1.7365698889729373
421,GG,GG,1130.5372044410826,1130.5372044410826,28.263430111027063,1.7365698889729373
422,GG,GG,1130.5372044410826,1130.5372044410826,28.263430111027063,1.7365698889729373
423,GG,GG,1130.5372044410826,1130.5372044410826,28.263430111027063,1.7365698889729373
424,GG,GG,1130.5372044410826,1130.5372044410826,28.263430111027063,1.7365698889729373
425,GG,GG,1130.5372044410826,1130.5372044410826,28.263430111027063,1.7365698889729373
426,GG,GG,1130.5372044410826,1130.5372044410826,28.263430111027063,1.7365698889729373
427,GG,GG,1130.5372044410826,1130.5372044410826,28.263430111027063,1.7365698889729373
428,GG,GG,1130.5372044410826,1130.5372044410826,28.263430111027063,1.7365698889729373
429,GG,GG,1130.5372044410826,1130.5372044410826,28.263430111027063,1.7365698889729373
430,GG,GG,1130.5372044410826,1130.5372044410826,28.263430111027063,1.7365698889729373
431,GG,GG,1130.5372044410826,1130.5372044410826,28.263430111027063,1.7365698889729373
432,GG,GG,1130.5372044410826,1130.5372044410826,28.263430111027063,1.7365698889729373
433,GG,GG,1130.5372044410826,1130.5372044410826,28.263430111027063,1.7365698889729373
434,GG,GG,1130.5372044410826,1130.5372044410826,28.263430111027063,1.7365698889729373
435,GG,GG,1130.5372044410826,1130.5372044410826,28.263430111027063,1.7365698889729373
436,GG,GG,1130.5372044410826,1130.5372044410826,28.263430111027063,1.7365698889729373
437,GG,GG,1130.5372044410826,1130.5372044410826,28.263430111027063,1.7365698889729373
438,GG,GG,1130.5372044410826,1130.5372044410826,28.263430111027063,1.7365698889729373
439,GG,GG,1130.5372044410826,1130.5372044410826,28.263430111027063,1.7365698889729373
440,GG,GG,1130.5372044410826,1130.5372044410826,28.263430111027063,1.7365698889729373
441,GG,GG,1130.5372044410826,1130.5372044410826,28.263430111027063,1.7365698889729373
442,GG,GG,1130.5372044410826,1130.5372044410826,28.263430111027063,1.7365698889729373
443,GG,GG,1130.5372044410826,1130.5372044410826,28.263430111027063,1.7365698889729373
444,GG,GG,1130.5372044410826,1130.5372044410826,28.263430111027063,1.7365698889729373
445,GG,GG,1130.5372044410826,1130.5372044410826,28.263430111027063,1.7365698889729373
446,GG,GG,1130.5372044410826,1130.5372044410826,28.263430111027063,1.7365698889729373
447,GG,GG,1130.5372044410826,1130.5372044410826,28.263430111027063,1.7365698889729373
448,GG,GG,1130.5372044410826,1130.5372044410826,28.263430111027063,1.7365698889729373
449,rr,rr,1130.5372044410826,1130.5372044410826,28.263430111027063,1.7365698889729373
450,GG,GG,1145.9372044410827,1145.9372044410827,28.64843011102707,1.3515698889729286
451,GG,GG,1145.9372044410827,1145.9372044410827,28.64843011102707,1.3515698889729286
452,GG,GG,1145.9372044410827,1145.9372044410827,28.64843011102707,1.3515698889729286
453,GG,GG,1145.9372044410827,1145.9372044410827,28.64843011102707,1.3515698889729286
454,GG,GG,1145.9372044410827,1145.9372044410827,28.64843011102707,1.3515698889729286
455,GG,GG,1145.9372044410827,1145.9372044410827,28.64843011102707,1.3515698889729286
456,GG,GG,1145.9372044410827,1145.9372044410827,28.64843011102707,1.3515698889729286
457,GG,GG,1145.9372044410827,1145.9372044410827,28.64843011102707,1.3515698889729286
458,GG,GG,1145.9372044410827,1145.9372044410827,28.64843011102707,1.3515698889729286
459,GG,GG,1145.9372044410827,1145.9372044410827,28.64843011102707,1.3515698889729286
460,GG,GG,1145.9372044410827,1145.9372044410827,28.64843011102707,1.3515698889729286
461,GG,GG,1145.9372044410827,1145.9372044410827,28.64843011102707,1.3515698889729286
462,GG,GG,1145.9372044410827,1145.9372044410827,28.64843011102707,1.3515698889729286
463,GG,GG,1145.9372044410827,1145.9372044410827,28.64843011102707,1.3515698889729286
464,GG,GG,1145.9372044410827,1145.9372044410827,28.64843011102707,1.3515698889729286
465,GG,GG,1145.9372044410827,1145.9372044410827,28.64843011102707,1.3515698889729286
466,GG,GG,1145.9372044410827,1145.9372044410827,28.64843011102707,1.3515698889729286
467,GG,GG,1145.9372044410827,1145.9372044410827,28.64843011102707,1.3515698889729286
468,GG,GG,1145.9372044410827,1145.9372044410827,28.64843011102707,1.3515698889729286
469,GG,GG,1145.9372044410827,1145.9372044410827,28.64843011102707,1.3515698889729286
470,GG,GG,1145.9372044410827,1145.9372044410827,28.64843011102707,1.3515698889729286
471,GG,GG,1145.9372044410827,1145.9372044410827,28.64843011102707,1.3515698889729286
472,GG,GG,1145.9372044410827,1145.9372044410827,28.64843011102707,1.3515698889729286
473,GG,GG,1145.9372044410827,1145.9372044410827,28.64843011102707,1.3515698889729286
474,GG,GG,1145.9372044410827,1145.9372044410827,28.64843011102707,1.3515698889729286
475,GG,GG,1145.9372044410827,1145.9372044410827,28.64843011102707,1.3515698889729286
476,GG,GG,1145.9372044410827,1145.9372044410827,28.64843011102707,1.3515698889729286
477,GG,GG,1145.9372044410827,1145.9372044410827,28.64843011102707,1.3515698889729286
478,GG,GG,1145.9372044410827,1145.9372044410827,28.64843011102707,1.3515698889729286
479,rr,rr,1145.9372044410827,1145.9372044410827,28.64843011102707,1.3515698889729286
480,GG,GG,1161.3372044410828,1161.3372044410828,29.03343011102707,0.9665698889729306
481,GG,GG,1161.3372044410828,1161.3372044410828,29.03343011102707,0.9665698889729306
482,GG,GG,1161.3372044410828,1161.3372044410828,29.03343011102707,0.9665698889729306
483,GG,GG,1161.3372044410828,1161.3372044410828,29.03343011102707,0.9665698889729306
484,GG,GG,1161.3372044410828,1161.3372044410828,29.03343011102707,0.9665698889729306
485,GG,GG,1161.3372044410828,1161.3372044410828,29.03343011102707,0.9665698889729306
486,GG,GG,1161.3372044410828,1161.3372044410828,29.03343011102707,0.9665698889729306
487,GG,GG,1161.3372044410828,1161.3372044410828,29.03343011102707,0.9665698889729306
488,GG,GG,1161.3372044410828,1161.3372044410828,29.03343011102707,0.9665698889729306
489,GG,GG,1161.3372044410828,1161.3372044410828,29.03343011102707,0.9665698889729306
490,GG,GG,1161.3372044410828,1161.3372044410828,29.03343011102707,0.9665698889729306
491,GG,GG,1161.3372044410828,1161.3372044410828,29.03343011102707,0.9665698889729306
492,GG,GG,1161.3372044410828,1161.3372044410828,29.03343011102707,0.9665698889729306
493,GG,GG,1161.3372044410828,1161.3372044410828,29.03343011102707,0.9665698889729306
494,GG,GG,1161.3372044410828,1161.3372044410828,29.03343011102707,0.9665698889729306
495,GG,GG,1161.3372044410828,1161.3372044410828,29.03343011102707,0.9665698889729306
496,GG,GG,1161.3372044410828,1161.3372044410828,29.03343011102707,0.9665698889729306
497,GG,GG,1161.3372044410828,1161.3372044410828,29.03343011102707,0.9665698889729306
498,GG,GG,1161.3372044410828,1161.3372044410828,29.03343011102707,0.9665698889729306
499,GG,GG,1161.3372044410828,1161.3372044410828,29.03343011102707,0.9665698889729306
500,GG,GG,1161.3372044410828,1161.3372044410828,29.03343011102707,0.9665698889729306
501,GG,GG,1161.3372044410828,1161.3372044410828,29.03343011102707,0.9665698889729306
502,GG,GG,1161.3372044410828,1161.3372044410828,29.03343011102707,0.9665698889729306
503,GG,GG,1161.3372044410828,1161.3372044410828,29.03343011102707,0.9665698889729306
504,GG,GG,1161.3372044410828,1161.3372044410828,29.03343011102707,0.9665698889729306
505,GG,GG,1161.3372044410828,1161.3372044410828,29.03343011102707,0.9665698889729306
506,GG,GG,1161.3372044410828,1161.3372044410828,29.03343011102707,0.9665698889729306
507,GG,GG,1161.3372044410828,1161.3372044410828,29.03343011102707,0.9665698889729306
508,GG,GG,1161.3372044410828,1161.3372044410828,29.03343011102707,0.9665698889729306
509,GG,GG,1161.3372044410828,1161.3372044410828,29.03343011102707,0.9665698889729306
510,GG,GG,1176.737204441083,1176.737204441083,29.41843011102707,0.581569888972929
511,GG,GG,1176.737204441083,1176.737204441083,29.41843011102707,0.581569888972929
512,GG,GG,1176.737204441083,1176.737204441083,29.41843011102707,0.581569888972929
513,GG,GG,1176.737204441083,1176.737204441083,29.41843011102707,0.581569888972929
514,GG,GG,1176.737204441083,1176.737204441083,29.41843011102707,0.581569888972929
515,GG,GG,1176.737204441083,1176.737204441083,29.41843011102707,0.581569888972929
516,GG,GG,1176.737204441083,1176.737204441083,29.41843011102707,0.581569888972929
517,GG,GG,1176.737204441083,1176.737204441083,29.41843011102707,0.581569888972929
518,GG,GG,1176.737204441083,1176.737204441083,29.41843011102707,0.581569888972929
519,GG,GG,1176.737204441083,1176.737204441083,29.41843011102707,0.581569888972929
520,GG,GG,1176.737204441083,1176.737204441083,29.41843011102707,0.581569888972929
521,GG,GG,1176.737204441083,1176.737204441083,29.41843011102707,0.581569888972929
522,GG,GG,1176.737204441083,1176.737204441083,29.41843011102707,0.581569888972929
523,GG,GG,1176.737204441083,1176.737204441083,29.41843011102707,0.581569888972929
524,GG,GG,1176.737204441083,1176.737204441083,29.41843011102707,0.581569888972929
525,GG,GG,1176.737204441083,1176.737204441083,29.41843011102707,0.581569888972929
526,GG,GG,1176.737204441083,1176.737204441083,29.41843011102707,0.581569888972929
527,GG,GG,1176.737204441083,1176.737204441083,29.41843011102707,0.581569888972929
528,GG,GG,1176.737204441083,1176.737204441083,29.41843011102707,0.581569888972929
529,GG,GG,1176.737204441083,1176.737204441083,29.41843011102707,0.581569888972929
530,GG,GG,1176.737204441083,1176.737204441083,29.41843011102707,0.581569888972929
531,GG,GG,1176.737204441083,1176.737204441083,29.41843011102707,0.581569888972929
532,GG,GG,1176.737204441083,1176.737204441083,29.41843011102707,0.581569888972929
533,GG,GG,1176.737204441083,1176.737204441083,29.41843011102707,0.581569888972929
534,GG,GG,1176.737204441083,1176.737204441083,29.41843011102707,0.581569888972929
535,GG,GG,1176.737204441083,1176.737204441083,29.41843011102707,0.581569888972929
536,GG,GG,1176.737204441083,1176.737204441083,29.41843011102707,0.581569888972929
537,GG,GG,1176.737204441083,1176.737204441083,29.41843011102707,0.581569888972929
538,GG,GG,1176.737204441083,1176.737204441083,29.41843011102707,0.581569888972929
539,GG,GG,1176.737204441083,1176.737204441083,29.41843011102707,0.581569888972929
540,GG,GG,1192.137204441083,1192.137204441083,29.803430111027076,0.19656988897292393
541,GG,GG,1192.137204441083,1192.137204441083,29.803430111027076,0.19656988897292393
542,GG,GG,1192.137204441083,1192.137204441083,29.803430111027076,0.19656988897292393
543,GG,GG,1192.137204441083,1192.137204441083,29.803430111027076,0.19656988897292393
544,GG,GG,1192.137204441083,1192.137204441083,29.803430111027076,0.19656988897292393
545,GG,GG,1192.137204441083,1192.137204441083,29.803430111027076,0.19656988897292393
546,GG,GG,1192.137204441083,1192.137204441083,29.803430111027076,0.19656988897292393
547,GG,GG,1192.137204441083,1192.137204441083,29.803430111027076,0.19656988897292393
548,GG,GG,1192.137204441083,1192.137204441083,29.803430111027076,0.19656988897292393
549,GG,GG,1192.137204441083,1192.137204441083,29.803430111027076,0.19656988897292393
550,GG,GG,1192.137204441083,1192.137204441083,29.803430111027076,0.19656988897292393
551,GG,GG,1192.137204441083,1192.137204441083,29.803430111027076,0.19656988897292393
552,GG,GG,1192.137204441083,1192.137204441083,29.803430111027076,0.19656988897292393
553,GG,GG,1192.137204441083,1192.137204441083,29.803430111027076,0.19656988897292393
554,GG,GG,1192.137204441083,1192.137204441083,29.803430111027076,0.19656988897292393
555,GG,GG,1192.137204441083,1192.137204441083,29.803430111027076,0.19656988897292393
556,GG,GG,1192.137204441083,1192.137204441083,29.803430111027076,0.19656988897292393
557,GG,GG,1192.137204441083,1192.137204441083,29.803430111027076,0.19656988897292393
558,GG,GG,1192.137204441083,1192.137204441083,29.803430111027076,0.19656988897292393
559,GG,GG,1192.137204441083,1192.137204441083,29.803430111027076,0.19656988897292393
560,GG,GG,1192.137204441083,1192.137204441083,29.803430111027076,0.19656988897292393
561,GG,GG,1192.137204441083,1192.137204441083,29.803430111027076,0.19656988897292393
562,GG,GG,1192.137204441083,1192.137204441083,29.803430111027076,0.19656988897292393
563,GG,GG,1192.137204441083,1192.137204441083,29.803430111027076,0.19656988897292393
564,GG,GG,1192.137204441083,1192.137204441083,29.803430111027076,0.19656988897292393
565,GG,GG,1192.137204441083,1192.137204441083,29.803430111027076,0.19656988897292393
566,GG,GG,1192.137204441083,1192.137204441083,29.803430111027076,0.19656988897292393
567,GG,GG,1192.137204441083,1192.137204441083,29.803430111027076,0.19656988897292393
568,GG,GG,1192.137204441083,1192.137204441083,29.803430111027076,0.19656988897292393
569,GG,GG,1192.137204441083,1192.137204441083,29.803430111027076,0.19656988897292393
570,GG,GG,1200.0,1200.0,30.0,0.0
571,GG,GG,1200.0,1200.0,30.0,0.0
572,GG,GG,1200.0,1200.0,30.0,0.0
573,GG,GG,1200.0,1200.0,30.0,0.0
574,GG,GG,1200.0,1200.0,30.0,0.0
575,GG,GG,1200.0,1200.0,30.0,0.0
576,GG,GG,1200.0,1200.0,30.0,0.0
577,GG,GG,1200.0,1200.0,30.0,0.0
578,GG,GG,1200.0,1200.0,30.0,0.0
579,GG,GG,1200.0,1200.0,30.0,0.0
580,GG,GG,1200.0,1200.0,30.0,0.0
581,GG,GG,1200.0,1200.0,30.0,0.0
582,GG,GG,1200.0,1200.0,30.0,0.0
583,GG,GG,1200.0,1200.0,30.0,0.0
584,GG,GG,1200.0,1200.0,30.0,0.0
585,GG,GG,1200.0,1200.0,30.0,0.0
586,GG,GG,1200.0,1200.0,30.0,0.0
587,GG,GG,1200.0,1200.0,30.0,0.0
588,GG,GG,1200.0,1200.0,30.0,0.0
589,GG,GG,1200.0,1200.0,30.0,0.0
590,GG,GG,1200.0,1200.0,30.0,0.0
591,GG,GG,1200.0,1200.0,30.0,0.0
592,GG,GG,1200.0,1200.0,30.0,0.0
593,GG,GG,1200.0,1200.0,30.0,0.0
594,GG,GG,1200.0,1200.0,30.0,0.0
595,GG,GG,1200.0,1200.0,30.0,0.0
596,GG,GG,1200.0,1200.0,30.0,0.0
597,GG,GG,1200.0,1200.0,30.0,0.0
598,GG,GG,1200.0,1200.0,30.0,0.0
599,GG,GG,1200.0,1200.0,30.0,0.0
